symbol,window,timestamp,price
BUSD,calm,1676505617,1.0007505871442728
BUSD,calm,1676509075,1.0
BUSD,calm,1676512798,0.9998067716919384
BUSD,calm,1676516405,0.9990004215695124
BUSD,calm,1676520054,0.9999762606431118
BUSD,calm,1676523480,0.999428
BUSD,calm,1676527319,1.0000695717988484
BUSD,calm,1676530848,0.9995122670760468
BUSD,calm,1676534420,0.9994208441434725
BUSD,calm,1676538011,0.9996812062937469
BUSD,calm,1676541643,1.0000423240968368
BUSD,calm,1676545365,0.999564
BUSD,calm,1676548806,1.0007578966952921
BUSD,calm,1676552272,0.99941
BUSD,calm,1676555879,0.998197
BUSD,calm,1676559478,1.001
BUSD,calm,1676563080,1.001
BUSD,calm,1676566956,1.0
BUSD,calm,1676570270,0.999831
BUSD,calm,1676573879,0.999995
BUSD,calm,1676577459,1.002
BUSD,calm,1676581072,1.0
BUSD,calm,1676584672,0.999012
BUSD,calm,1676588265,1.0
BUSD,calm,1676591827,0.996536
BUSD,calm,1676595476,0.999093
BUSD,calm,1676599076,1.002
BUSD,calm,1676602663,1.0
BUSD,calm,1676606279,0.999684
BUSD,calm,1676609875,0.999188
BUSD,calm,1676613475,0.999899
BUSD,calm,1676617064,0.99967
BUSD,calm,1676620677,0.999455
BUSD,calm,1676624273,1.001
BUSD,calm,1676627874,1.0
BUSD,calm,1676631480,0.999547
BUSD,calm,1676635077,0.999723
BUSD,calm,1676638667,0.999603
BUSD,calm,1676642277,1.001
BUSD,calm,1676645867,0.9999
BUSD,calm,1676649478,1.001
BUSD,calm,1676653073,1.001
BUSD,calm,1676656676,1.0
BUSD,calm,1676660567,0.999972
BUSD,calm,1676663875,1.001
BUSD,calm,1676667475,0.998458
BUSD,calm,1676671079,0.998139
BUSD,calm,1676674973,1.003
BUSD,calm,1676678257,1.003
BUSD,calm,1676681861,0.999692
BUSD,calm,1676685775,0.998982
BUSD,calm,1676689344,1.001
BUSD,calm,1676692676,0.999708
BUSD,calm,1676696267,0.999409
BUSD,calm,1676699867,1.001
BUSD,calm,1676703472,1.0
BUSD,calm,1676707080,1.001
BUSD,calm,1676710960,1.001
BUSD,calm,1676714255,0.999711
BUSD,calm,1676718179,0.998189
BUSD,calm,1676721764,0.999834
BUSD,calm,1676725078,1.001
BUSD,calm,1676728676,0.999611
BUSD,calm,1676732572,1.002
BUSD,calm,1676736160,0.999076
BUSD,calm,1676739474,0.999794
BUSD,calm,1676743071,1.0
BUSD,calm,1676746678,1.0
BUSD,calm,1676750263,0.999473
BUSD,calm,1676753875,0.999861
BUSD,calm,1676757463,1.0
BUSD,calm,1676761069,0.998956
BUSD,calm,1676764667,1.0
BUSD,calm,1676768277,1.0
BUSD,calm,1676771881,1.001
BUSD,calm,1676775458,0.999242
BUSD,calm,1676779078,0.999436
BUSD,calm,1676782661,0.999628
BUSD,calm,1676786262,0.999144
BUSD,calm,1676789876,0.998972
BUSD,calm,1676793480,0.999939
BUSD,calm,1676797077,0.999966
BUSD,calm,1676800681,0.999794
BUSD,calm,1676804270,1.0
BUSD,calm,1676807881,1.0
BUSD,calm,1676811480,1.0
BUSD,calm,1676815059,0.999336
BUSD,calm,1676818677,0.998846
BUSD,calm,1676822560,1.001
BUSD,calm,1676826180,0.998611
BUSD,calm,1676829473,0.99894
BUSD,calm,1676833075,0.99993
BUSD,calm,1676836697,0.999605
BUSD,calm,1676840278,1.004
BUSD,calm,1676843875,0.999685
BUSD,calm,1676847471,1.0
BUSD,calm,1676851362,0.998894
BUSD,calm,1676854678,0.997952
BUSD,calm,1676858269,1.007
BUSD,calm,1676861857,1.001
BUSD,calm,1676865765,0.999727
BUSD,calm,1676869060,1.0
BUSD,calm,1676872676,0.999518
BUSD,calm,1676876562,1.0
BUSD,calm,1676879876,1.0
BUSD,calm,1676883474,0.99915
BUSD,calm,1676887079,1.013
BUSD,calm,1676890968,1.001
BUSD,calm,1676894279,1.002
BUSD,calm,1676898091,0.9987621533662471
BUSD,calm,1676901644,1.0001583340036708
BUSD,calm,1676905250,1.0007582714776224
BUSD,calm,1676908795,1.000196909375339
BUSD,calm,1676912414,1.0030018314583704
BUSD,calm,1676916061,0.9978739976906208
BUSD,calm,1676919638,1.0002273853141657
BUSD,calm,1676923072,1.0
BUSD,calm,1676926678,1.0
BUSD,calm,1676930281,1.0
BUSD,calm,1676934022,0.9991279688918374
BUSD,calm,1676937700,0.998558959865179
BUSD,calm,1676941221,0.9997902651533175
BUSD,calm,1676944916,1.0006937990380058
BUSD,calm,1676948416,0.9987110340020672
BUSD,calm,1676951876,1.0
BUSD,calm,1676955625,1.0001414097424184
BUSD,calm,1676959237,1.0002001002121899
BUSD,calm,1676962943,1.0022404228809645
BUSD,calm,1676966398,0.9995623405464243
BUSD,calm,1676969869,0.989414
BUSD,calm,1676973471,1.006
BUSD,calm,1676977241,0.9995016937157234
BUSD,calm,1676980799,0.9991072647510584
BUSD,calm,1676984256,0.998811
BUSD,calm,1676987876,1.0
BUSD,calm,1676991480,0.998451
BUSD,calm,1676995376,0.999537
BUSD,calm,1676998678,1.003
BUSD,calm,1677002273,1.003
BUSD,calm,1677005855,1.001
BUSD,calm,1677009464,0.99747
BUSD,calm,1677013068,0.999555
BUSD,calm,1677016663,0.999523
BUSD,calm,1677020274,0.999996
BUSD,calm,1677023865,1.0
BUSD,calm,1677027475,0.99866
BUSD,calm,1677031080,1.001
BUSD,calm,1677034922,1.0005682482876237
BUSD,calm,1677038522,1.0011947646380908
BUSD,calm,1677042031,1.0021287829023
BUSD,calm,1677045716,1.0003538570325974
BUSD,calm,1677049210,1.0009006685847994
BUSD,calm,1677052675,1.001
BUSD,calm,1677056425,1.0014701762640905
BUSD,calm,1677060080,0.999289494728723
BUSD,calm,1677063479,0.997357
BUSD,calm,1677067238,1.0017416168593267
BUSD,calm,1677070820,0.9994751816359704
BUSD,calm,1677074277,1.001
BUSD,calm,1677078168,1.001
BUSD,calm,1677081478,0.999211
BUSD,calm,1677085319,1.0018256054975683
BUSD,calm,1677088676,1.0
BUSD,calm,1677092279,1.001
BUSD,calm,1677095878,0.998312
BUSD,calm,1677099480,0.999939
BUSD,calm,1677103317,0.9990925999097243
BUSD,calm,1677106680,1.003
BUSD,calm,1677110277,1.0
BUSD,calm,1677113874,0.999817
BUSD,calm,1677117470,1.002
BUSD,calm,1677121079,1.008
BUSD,calm,1677124663,1.001
BUSD,calm,1677128278,1.0
BUSD,calm,1677131865,0.999567
BUSD,calm,1677135479,1.0
BUSD,calm,1677139058,0.999068
BUSD,calm,1677142673,1.0
BUSD,calm,1677146271,0.999314
BUSD,calm,1677149867,1.0
BUSD,calm,1677153470,1.003
BUSD,calm,1677157067,1.001
BUSD,calm,1677160666,1.001
BUSD,calm,1677164524,1.0014227443102783
BUSD,calm,1677168122,1.0006412132447373
BUSD,calm,1677171474,1.0
BUSD,calm,1677175320,0.9979702477707821
BUSD,calm,1677178974,1.001
BUSD,calm,1677182280,0.998961
BUSD,calm,1677186106,0.9991775323994251
BUSD,calm,1677189704,0.999805521184214
BUSD,calm,1677193078,1.0
BUSD,calm,1677196679,1.002
BUSD,calm,1677200262,0.999146
BUSD,calm,1677204126,1.0004212778004267
BUSD,calm,1677207476,0.999575
BUSD,calm,1677211296,1.0006363490535517
BUSD,calm,1677214907,1.0000868340938063
BUSD,calm,1677218515,1.000170460503784
BUSD,calm,1677221873,1.001
BUSD,calm,1677225476,1.002
BUSD,calm,1677229077,0.999905
BUSD,calm,1677232678,1.0
BUSD,calm,1677236516,1.0004644624092285
BUSD,calm,1677239873,1.0
BUSD,calm,1677243480,0.998016
BUSD,calm,1677247075,0.99961
BUSD,calm,1677250878,0.999775045628929
BUSD,calm,1677254275,1.0
BUSD,calm,1677258011,1.0007038354651117
BUSD,calm,1677261640,1.002255324036088
BUSD,calm,1677265076,1.002
BUSD,calm,1677268851,1.0022485504984655
BUSD,calm,1677272425,1.0012939990035437
BUSD,calm,1677275877,1.001
BUSD,calm,1677279600,1.002394374697241
BUSD,calm,1677283276,1.0004741084833246
BUSD,calm,1677286881,0.999265107738168
BUSD,calm,1677290452,1.0012072953489308
BUSD,calm,1677294083,1.0002044439257447
BUSD,calm,1677297474,1.001
BUSD,calm,1677301278,1.0006444356975257
BUSD,calm,1677304881,0.9994981005311679
BUSD,calm,1677308281,0.999968
BUSD,calm,1677312000,0.9998966702934646
BUSD,calm,1677315624,1.0000022607263885
BUSD,calm,1677319194,1.0003448586684394
BUSD,calm,1677322908,1.00033326543929
BUSD,calm,1677326513,1.0004304980530374
BUSD,calm,1677329877,1.004
BUSD,calm,1677333696,0.9989408966738946
BUSD,calm,1677337296,1.0003499334433534
BUSD,calm,1677340666,0.999926
BUSD,calm,1677344508,0.9993671515137774
BUSD,calm,1677348090,1.0012207083722935
BUSD,calm,1677351604,0.9999151939844237
BUSD,calm,1677355227,1.0007048411159558
BUSD,calm,1677358833,1.0015118787288102
BUSD,calm,1677362280,1.001
BUSD,calm,1677365870,0.999796
BUSD,calm,1677369680,1.0001706751212538
BUSD,calm,1677373205,1.0006784486816653
BUSD,calm,1677376798,1.000441326101277
BUSD,calm,1677380401,1.0019546363885992
BUSD,calm,1677384000,0.9999291013968109
BUSD,calm,1677387614,1.0007611774407126
BUSD,calm,1677391200,1.0001054100164561
BUSD,calm,1677394800,0.9994193478395517
BUSD,calm,1677398414,0.9994482670981492
BUSD,calm,1677402053,1.0005629361841175
BUSD,calm,1677405600,0.9995618247375128
BUSD,calm,1677409215,1.0001622061937452
BUSD,calm,1677412827,1.0008445121239817
BUSD,calm,1677416417,1.0007418315562058
BUSD,calm,1677420067,0.9999536342557945
BUSD,calm,1677423648,0.9995048368647343
BUSD,calm,1677427232,0.9999456933003925
BUSD,calm,1677430811,0.9999969851700679
BUSD,calm,1677434521,1.0013865366818104
BUSD,calm,1677438062,0.9929490899223904
BUSD,calm,1677441598,0.9986258200834105
BUSD,calm,1677445216,1.0011803411498517
BUSD,calm,1677448847,0.9996371672021767
BUSD,calm,1677452272,1.001
BUSD,calm,1677456026,0.9999977550605282
BUSD,calm,1677459658,0.9999831801919413
BUSD,calm,1677463205,0.9992296973687473
BUSD,calm,1677466813,1.0002006887923067
BUSD,calm,1677470443,0.9992286806680887
BUSD,calm,1677474028,1.0003247406620674
BUSD,calm,1677477672,0.9991728417576509
BUSD,calm,1677481074,1.0
BUSD,calm,1677484928,0.9996793238395132
BUSD,calm,1677488414,0.9989236419617279
BUSD,calm,1677492005,0.9999521961521407
BUSD,calm,1677495643,1.0017424801608537
BUSD,calm,1677499221,1.0000727587957683
BUSD,calm,1677502820,0.9999228298283432
BUSD,calm,1677506472,0.9984324474742847
BUSD,calm,1677510050,0.9999821476533742
BUSD,calm,1677513724,0.999774
BUSD,calm,1677517264,1.002863976486306
BUSD,calm,1677520877,1.0002487847803534
BUSD,calm,1677524504,1.002
BUSD,calm,1677527878,1.001
BUSD,calm,1677531479,0.999535
BUSD,calm,1677535227,1.000483084801362
BUSD,calm,1677538806,1.0003421389543476
BUSD,calm,1677542400,0.998871268163139
BUSD,calm,1677546037,0.9993010057687778
BUSD,calm,1677549475,1.002
BUSD,calm,1677553222,1.0003869666527632
BUSD,calm,1677556816,1.0001780014906316
BUSD,calm,1677560401,1.0002119421176727
BUSD,calm,1677564053,1.0003680393386079
BUSD,calm,1677567624,1.0003171815178105
BUSD,calm,1677571299,0.9994096365016888
BUSD,calm,1677574818,1.0002667658880169
BUSD,calm,1677578427,1.0008350806006896
BUSD,calm,1677582117,0.9992911651205084
BUSD,calm,1677585625,1.0002288540342992
BUSD,calm,1677589270,1.000452636394839
BUSD,calm,1677592674,1.0
BUSD,calm,1677596488,0.9987796136085182
BUSD,calm,1677600025,1.000551514461772
BUSD,calm,1677603599,0.9999027498107863
BUSD,calm,1677607242,0.9998075444203636
BUSD,calm,1677610852,1.0001991037729512
BUSD,calm,1677614279,1.0
BUSD,calm,1677618071,0.9999283093905069
BUSD,calm,1677621477,0.996685
BUSD,calm,1677625262,0.9986488363378989
BUSD,calm,1677628948,0.99970621260514
BUSD,calm,1677632461,0.9988257601213227
BUSD,calm,1677636055,1.0028225260405554
BUSD,calm,1677639477,1.001
BUSD,calm,1677643278,0.999752837731446
BUSD,calm,1677646802,0.9981885934496442
BUSD,calm,1677650446,1.0001374898034125
BUSD,calm,1677654023,1.0010270829624683
BUSD,calm,1677657670,1.0000497834315456
BUSD,calm,1677661205,1.0009029831794998
BUSD,calm,1677664874,1.0002866097258312
BUSD,calm,1677668467,1.0016786234855664
BUSD,calm,1677672015,1.0008897721240082
BUSD,calm,1677675611,1.0001033998274258
BUSD,calm,1677679331,1.000354195363383
BUSD,calm,1677682681,1.002
BUSD,calm,1677686447,0.9995206666066709
BUSD,calm,1677689875,0.998191
BUSD,calm,1677693692,0.9995944092358157
BUSD,calm,1677697247,1.0003494160434339
BUSD,calm,1677700826,1.006383064682442
BUSD,calm,1677704276,1.001
BUSD,calm,1677708068,1.001383241957438
BUSD,calm,1677711631,0.9987668999975374
BUSD,calm,1677715259,0.9991557879166875
BUSD,calm,1677718842,1.0002989205371138
BUSD,calm,1677722424,0.9994250710371623
BUSD,calm,1677726025,0.9999083337887276
BUSD,calm,1677729621,1.0001452243735958
BUSD,calm,1677733078,1.002
BUSD,calm,1677736677,0.999866
BUSD,calm,1677740424,1.0002862144301055
BUSD,calm,1677743878,0.999953
BUSD,calm,1677747616,1.0001542034695012
BUSD,calm,1677751213,1.0002211204840743
BUSD,calm,1677754853,1.00064540291032
BUSD,calm,1677758507,1.0003383691271586
BUSD,calm,1677762079,1.0000071827654697
BUSD,calm,1677765618,1.0016674951949736
BUSD,calm,1677769236,1.000423589002941
BUSD,calm,1677772827,0.998918420488895
BUSD,calm,1677776423,0.9994172393271902
BUSD,calm,1677780032,1.0004477311273594
BUSD,calm,1677783656,1.0001222143043667
BUSD,calm,1677787202,1.0004170243854404
BUSD,calm,1677790831,1.0014271861154131
BUSD,calm,1677794393,1.0004158041895441
BUSD,calm,1677798016,1.000882154815244
BUSD,calm,1677801617,1.000041806273107
BUSD,calm,1677805236,1.000466048660201
BUSD,calm,1677808831,0.9914065847924337
BUSD,calm,1677812467,1.0007562461695914
BUSD,calm,1677815875,0.999551
BUSD,calm,1677819602,1.0006666662044823
BUSD,calm,1677823245,1.0004738144254612
BUSD,calm,1677826818,0.9999071579738769
BUSD,calm,1677830420,1.0004400388112358
BUSD,calm,1677834012,0.9989020380225534
BUSD,calm,1677837479,1.0
BUSD,calm,1677841208,1.0002007032116376
BUSD,calm,1677844805,1.0001775581622991
BUSD,calm,1677848438,0.9995269889883983
BUSD,calm,1677851878,1.001
BUSD,calm,1677855467,1.001
BUSD,calm,1677859309,1.0006012708816747
BUSD,calm,1677862954,1.0006672342084515
BUSD,calm,1677866412,0.99986570020909
BUSD,calm,1677870028,1.0006762797080937
BUSD,calm,1677873678,1.0013876994991335
BUSD,calm,1677877202,1.0009407400425043
BUSD,calm,1677880827,0.9996372211692433
BUSD,calm,1677884462,0.9999829762359126
BUSD,calm,1677888000,1.0005306943635903
BUSD,calm,1677891776,1.001
BUSD,calm,1677895079,1.001
BUSD,calm,1677898964,1.001
BUSD,calm,1677902280,1.001
BUSD,calm,1677905873,1.001
BUSD,calm,1677909467,1.001
BUSD,calm,1677913073,1.001
BUSD,calm,1677916676,1.001
BUSD,calm,1677920265,1.0
BUSD,calm,1677923874,1.001
BUSD,calm,1677927478,1.001
BUSD,calm,1677931078,1.001
BUSD,calm,1677934981,1.001
BUSD,calm,1677938279,1.001
BUSD,calm,1677941874,1.001
BUSD,calm,1677945468,1.001
BUSD,calm,1677949074,1.001
BUSD,calm,1677952669,1.001
BUSD,calm,1677956265,1.001
BUSD,calm,1677959876,0.999607
BUSD,calm,1677963480,1.001
BUSD,calm,1677967070,1.0
BUSD,calm,1677970672,1.002
BUSD,calm,1677974277,1.001
BUSD,calm,1677977877,1.001
BUSD,calm,1677981694,1.0003325009910362
BUSD,calm,1677985305,0.9957118427871328
BUSD,calm,1677988901,1.0008131800525781
BUSD,calm,1677992574,1.001
BUSD,calm,1677996099,1.0013250506086866
BUSD,calm,1677999677,1.0008548189171802
BUSD,calm,1678003315,1.0004313237555311
BUSD,calm,1678006881,0.9997975507900035
BUSD,calm,1678010474,1.0005511819321367
BUSD,calm,1678014100,1.0013465732850786
BUSD,calm,1678017479,1.002
BUSD,calm,1678021204,1.0014091688461266
BUSD,calm,1678024886,1.0015100564022508
BUSD,calm,1678028445,1.0007176332889551
BUSD,calm,1678032113,1.0002371056082802
BUSD,calm,1678035612,1.0001554201290341
BUSD,calm,1678039068,1.0
BUSD,calm,1678042973,1.001
BUSD,calm,1678046271,1.001
BUSD,calm,1678049875,1.001
BUSD,calm,1678053687,1.0005505417372722
BUSD,calm,1678057285,1.0010151777110843
BUSD,calm,1678060886,1.0006429249350735
BUSD,calm,1678064453,1.000985380585135
BUSD,calm,1678068069,1.0009221825254258
BUSD,calm,1678071654,1.0011945732075134
BUSD,calm,1678075246,1.0008149012398166
BUSD,calm,1678078885,1.0006419281176218
BUSD,calm,1678082404,1.0006695076766141
BUSD,calm,1678086020,0.9997816614361736
BUSD,calm,1678089696,0.9999862561223974
BUSD,calm,1678093292,1.0011956040503522
BUSD,calm,1678096679,1.0
BUSD,calm,1678100519,1.0003690995254761
BUSD,calm,1678104025,1.0004483734158385
BUSD,calm,1678107701,1.0007500100861577
BUSD,calm,1678111195,1.001083778709196
BUSD,calm,1678114672,1.001
BUSD,calm,1678118481,0.9999582638376473
BUSD,calm,1678122059,0.9999767986138735
BUSD,calm,1678125668,1.0000786362104161
BUSD,calm,1678129075,1.0
BUSD,calm,1678132974,1.001
BUSD,calm,1678136475,0.9993465671082195
BUSD,calm,1678140066,1.0007794446821778
BUSD,calm,1678143476,1.001
BUSD,calm,1678147216,1.0003370041995547
BUSD,calm,1678150807,1.0036821056606506
BUSD,calm,1678154280,1.0
BUSD,calm,1678158013,1.0014508072309944
BUSD,calm,1678161477,1.001
BUSD,calm,1678165078,1.001
BUSD,calm,1678168820,0.999848895235718
BUSD,calm,1678172260,1.001
BUSD,calm,1678176090,1.0006039149706782
BUSD,calm,1678179479,1.001
BUSD,calm,1678183221,1.0005616980613807
BUSD,calm,1678186677,1.001
BUSD,calm,1678190437,1.0007885447549412
BUSD,calm,1678194164,1.0
BUSD,calm,1678197623,1.0011065198124343
BUSD,calm,1678201196,1.0013345946201124
BUSD,calm,1678204671,1.001
BUSD,calm,1678208396,0.9991875519678718
BUSD,calm,1678212084,1.0007642900897418
BUSD,calm,1678215479,1.001
BUSD,calm,1678219277,1.0025078802675782
BUSD,calm,1678222806,0.9999955608803862
BUSD,calm,1678226403,1.0018108043163094
BUSD,calm,1678230054,1.0008126136803395
BUSD,crisis,1678233470,1.001
BUSD,crisis,1678237077,1.002
BUSD,crisis,1678240818,1.0000736689949647
BUSD,crisis,1678244270,0.999858
BUSD,crisis,1678248044,1.000905282943976
BUSD,crisis,1678251613,1.000416560748655
BUSD,crisis,1678255237,0.9994414347907293
BUSD,crisis,1678258670,0.999014
BUSD,crisis,1678262277,1.001
BUSD,crisis,1678266051,0.999973281799955
BUSD,crisis,1678269477,1.001
BUSD,crisis,1678273379,1.001
BUSD,crisis,1678276818,1.0002323692339228
BUSD,crisis,1678280277,1.0
BUSD,crisis,1678284028,0.9993066413753602
BUSD,crisis,1678287691,1.0000576182015333
BUSD,crisis,1678291230,1.0004509190523008
BUSD,crisis,1678294676,1.002
BUSD,crisis,1678298448,1.001300692755447
BUSD,crisis,1678302036,1.001002777961587
BUSD,crisis,1678305657,1.0000172627113615
BUSD,crisis,1678309076,1.001
BUSD,crisis,1678312843,1.0003743532661125
BUSD,crisis,1678316274,1.003
BUSD,crisis,1678320174,1.002
BUSD,crisis,1678323632,0.9994598618912565
BUSD,crisis,1678327260,1.0004150356270747
BUSD,crisis,1678330838,1.0007207534349718
BUSD,crisis,1678334439,0.9994574372293208
BUSD,crisis,1678338060,1.0005785692658855
BUSD,crisis,1678341716,1.0004817989711587
BUSD,crisis,1678345075,1.0
BUSD,crisis,1678348668,1.0
BUSD,crisis,1678352486,1.0004798117693243
BUSD,crisis,1678356019,1.00041744894247
BUSD,crisis,1678359642,1.0004115769395703
BUSD,crisis,1678363207,1.0014045043141502
BUSD,crisis,1678366828,1.0005173233329283
BUSD,crisis,1678370271,1.001
BUSD,crisis,1678374037,1.0017074846978677
BUSD,crisis,1678377597,0.9987453848250423
BUSD,crisis,1678381248,0.9954606126461228
BUSD,crisis,1678384861,1.0004971195837071
BUSD,crisis,1678388277,0.995066
BUSD,crisis,1678392126,1.0029863041469618
BUSD,crisis,1678395605,0.9964407659217289
BUSD,crisis,1678399223,0.9980564155923851
BUSD,crisis,1678402884,0.9998528871680815
BUSD,crisis,1678406481,1.0013123403342095
BUSD,crisis,1678410063,1.0001783085818632
BUSD,crisis,1678413696,1.0005007397267283
BUSD,crisis,1678417072,1.001
BUSD,crisis,1678420677,1.001
BUSD,crisis,1678424272,1.002
BUSD,crisis,1678428074,1.0005055327711707
BUSD,crisis,1678431698,1.0010074314438677
BUSD,crisis,1678435069,0.999698
BUSD,crisis,1678438673,1.003
BUSD,crisis,1678442398,1.0017565901474068
BUSD,crisis,1678445871,1.007
BUSD,crisis,1678449634,1.0044650103460948
BUSD,crisis,1678453069,1.003
BUSD,crisis,1678456799,1.0008595883525697
BUSD,crisis,1678460410,0.992116965107361
BUSD,crisis,1678464015,1.0022487481792894
BUSD,crisis,1678467638,0.9998078982222893
BUSD,crisis,1678471244,1.0026000727402908
BUSD,crisis,1678474795,1.0000221122292945
BUSD,crisis,1678478430,1.0004316624613108
BUSD,crisis,1678481876,1.0
BUSD,crisis,1678485625,1.00353154345669
BUSD,crisis,1678489284,0.9976042417314487
BUSD,crisis,1678492862,0.9968429084325849
BUSD,crisis,1678496489,0.9952378334507418
BUSD,crisis,1678499855,0.990526
BUSD,crisis,1678503645,0.9933578145540983
BUSD,crisis,1678507256,0.9945124501771814
BUSD,crisis,1678510678,0.998158
BUSD,crisis,1678514399,0.9965992021212767
BUSD,crisis,1678518000,0.9974364265917136
BUSD,crisis,1678521477,0.990483
BUSD,crisis,1678525191,0.9953286375461152
BUSD,crisis,1678528667,0.997605
BUSD,crisis,1678532421,0.9947732815858757
BUSD,crisis,1678536090,0.994059775989732
BUSD,crisis,1678539645,0.9947688555944326
BUSD,crisis,1678543192,0.9932221279084255
BUSD,crisis,1678546674,0.993899
BUSD,crisis,1678550400,0.9926716110445586
BUSD,crisis,1678554004,0.9929653120106278
BUSD,crisis,1678557618,0.991638889425772
BUSD,crisis,1678561072,0.993604
BUSD,crisis,1678564954,0.9947902766570077
BUSD,crisis,1678568463,0.9957851165698457
BUSD,crisis,1678572009,0.997205822417849
BUSD,crisis,1678575583,0.9939541126992644
BUSD,crisis,1678579077,0.995087
BUSD,crisis,1678582821,0.997269829938724
BUSD,crisis,1678586407,0.9943673908980124
BUSD,crisis,1678590065,0.992458277407978
BUSD,crisis,1678593667,0.9959931503491989
BUSD,crisis,1678597273,0.9955058712395355
BUSD,crisis,1678600837,0.9968858308862515
BUSD,crisis,1678604265,0.995995
BUSD,crisis,1678607875,0.994615
BUSD,crisis,1678611597,0.9958529164338493
BUSD,crisis,1678615201,0.9935209097880691
BUSD,crisis,1678618885,0.9964592131154228
BUSD,crisis,1678622482,0.995684327820843
BUSD,crisis,1678626050,0.9954626949145955
BUSD,crisis,1678629629,0.995610549498571
BUSD,crisis,1678633262,0.9931879387121979
BUSD,crisis,1678636860,0.9949299383232104
BUSD,crisis,1678640270,1.006
BUSD,crisis,1678644145,1.006
BUSD,crisis,1678647603,1.0098494383071024
BUSD,crisis,1678651073,1.006
BUSD,crisis,1678654665,1.003
BUSD,crisis,1678658270,1.004
BUSD,crisis,1678662005,1.0016679374302015
BUSD,crisis,1678665664,1.0093268901029488
BUSD,crisis,1678669074,1.006
BUSD,crisis,1678672650,0.998893
BUSD,crisis,1678676399,0.999288433530874
BUSD,crisis,1678680061,0.9987564459090136
BUSD,crisis,1678683650,0.9946240304423632
BUSD,crisis,1678687064,0.993419
BUSD,crisis,1678690892,0.9958171018284068
BUSD,crisis,1678694467,0.9888419055299797
BUSD,crisis,1678697879,0.994042
BUSD,crisis,1678701733,0.998968
BUSD,crisis,1678705223,1.0040678272197705
BUSD,crisis,1678708866,1.003486087528376
BUSD,crisis,1678712253,1.002
BUSD,crisis,1678716067,1.002866675796145
BUSD,crisis,1678719612,1.0084683022546708
BUSD,crisis,1678723198,1.006306310232397
BUSD,crisis,1678726975,1.0066768098077263
BUSD,crisis,1678730464,1.0099208447507764
BUSD,crisis,1678734014,1.0068987712085224
BUSD,crisis,1678737582,1.0084085820692155
BUSD,crisis,1678741224,0.9976937099244648
BUSD,crisis,1678744808,0.9998732523843543
BUSD,crisis,1678748434,1.0007348430960994
BUSD,crisis,1678752160,1.003
BUSD,crisis,1678755450,1.002
BUSD,crisis,1678759368,1.007
BUSD,crisis,1678762671,1.0
BUSD,crisis,1678766276,1.001
BUSD,crisis,1678769875,1.002
BUSD,crisis,1678773469,0.998394
BUSD,crisis,1678777074,0.999735
BUSD,crisis,1678780668,0.997845
BUSD,crisis,1678784263,1.0
BUSD,crisis,1678787873,0.999982
BUSD,crisis,1678791474,1.002
BUSD,crisis,1678795061,1.003
BUSD,crisis,1678798944,1.018
BUSD,crisis,1678802263,0.996597
BUSD,crisis,1678805822,1.005
BUSD,crisis,1678809477,0.9987
BUSD,crisis,1678813337,0.998014
BUSD,crisis,1678816667,0.997624
BUSD,crisis,1678820522,0.985461
BUSD,crisis,1678824165,1.01
BUSD,crisis,1678827775,0.998425
BUSD,crisis,1678831069,1.001
BUSD,crisis,1678834668,1.0
BUSD,crisis,1678838270,1.002
BUSD,crisis,1678841870,1.001
BUSD,crisis,1678845469,1.001
BUSD,crisis,1678849073,1.002
BUSD,crisis,1678852968,1.001
BUSD,crisis,1678856274,1.001
BUSD,crisis,1678859871,0.998255
BUSD,crisis,1678863474,1.0
BUSD,crisis,1678867375,1.003
BUSD,crisis,1678870676,0.999957
BUSD,crisis,1678874273,0.997178
BUSD,crisis,1678877875,1.003
BUSD,crisis,1678881468,1.004
BUSD,crisis,1678885070,1.005
BUSD,crisis,1678888661,0.997249
BUSD,crisis,1678892274,1.002
BUSD,crisis,1678895870,0.998586
BUSD,crisis,1678899473,0.99875
BUSD,crisis,1678903076,1.004
BUSD,crisis,1678906668,1.004
BUSD,crisis,1678910273,1.003
BUSD,crisis,1678913866,1.002
BUSD,crisis,1678917462,1.003
BUSD,crisis,1678921047,1.003
BUSD,crisis,1678924672,1.001
BUSD,crisis,1678928272,1.002
BUSD,crisis,1678931866,1.004
BUSD,crisis,1678935475,1.002
BUSD,crisis,1678939051,1.003
BUSD,crisis,1678942666,1.001
BUSD,crisis,1678946278,1.002
BUSD,crisis,1678949876,1.004
BUSD,crisis,1678953475,1.003
BUSD,crisis,1678957064,1.003
BUSD,crisis,1678960969,1.003
BUSD,crisis,1678964271,1.002
BUSD,crisis,1678967864,1.003
BUSD,crisis,1678971470,1.004
BUSD,crisis,1678975051,1.007
BUSD,crisis,1678978669,1.006
BUSD,crisis,1678982556,1.005
BUSD,crisis,1678985884,1.006
BUSD,crisis,1678989473,1.005
BUSD,crisis,1678993075,1.006
BUSD,crisis,1678996966,1.005
BUSD,crisis,1679000276,1.001
BUSD,crisis,1679003874,1.009
BUSD,crisis,1679007474,1.005
GUSD,calm,1676505482,1.001
GUSD,calm,1676509317,0.997903434057325
GUSD,calm,1676512843,0.9990422408199561
GUSD,calm,1676516447,0.9995390590841999
GUSD,calm,1676519883,1.001
GUSD,calm,1676523480,0.999046934767149
GUSD,calm,1676527371,1.0051373046686445
GUSD,calm,1676530857,1.0003213903397572
GUSD,calm,1676534446,0.9976719108252319
GUSD,calm,1676537865,0.999071
GUSD,calm,1676541648,1.0015289397529803
GUSD,calm,1676545082,1.0
GUSD,calm,1676548862,1.0024932467513448
GUSD,calm,1676552283,0.996225
GUSD,calm,1676556036,0.9949813661273662
GUSD,calm,1676559469,0.995589
GUSD,calm,1676563254,0.9938296273674245
GUSD,calm,1676566875,0.9975425784898587
GUSD,calm,1676570475,0.9966765788946885
GUSD,calm,1676573866,0.997132
GUSD,calm,1676577465,0.99859
GUSD,calm,1676581055,0.998041
GUSD,calm,1676584912,0.9963070851536763
GUSD,calm,1676588413,0.9925130333702405
GUSD,calm,1676591987,1.0003568984174052
GUSD,calm,1676595477,0.994241
GUSD,calm,1676599050,0.993517
GUSD,calm,1676602682,0.996986
GUSD,calm,1676606279,0.996869
GUSD,calm,1676610177,0.991472
GUSD,calm,1676613484,0.994517
GUSD,calm,1676617086,0.998136
GUSD,calm,1676620678,0.997587
GUSD,calm,1676624275,0.996893
GUSD,calm,1676627874,0.997912
GUSD,calm,1676631482,0.995683
GUSD,calm,1676635067,0.997231
GUSD,calm,1676638680,0.996538
GUSD,calm,1676642284,0.998323
GUSD,calm,1676645877,1.001
GUSD,calm,1676649466,0.995872
GUSD,calm,1676653082,0.997425
GUSD,calm,1676656658,0.998707
GUSD,calm,1676660265,0.994297
GUSD,calm,1676663878,0.999294
GUSD,calm,1676667472,0.999373
GUSD,calm,1676671071,1.001
GUSD,calm,1676674667,1.003
GUSD,calm,1676678260,1.002
GUSD,calm,1676681878,0.991115
GUSD,calm,1676685479,0.991677
GUSD,calm,1676689055,1.0
GUSD,calm,1676692674,0.991352
GUSD,calm,1676696264,0.994056
GUSD,calm,1676699872,0.993254
GUSD,calm,1676703488,0.992611
GUSD,calm,1676707076,0.994575
GUSD,calm,1676710667,1.002
GUSD,calm,1676714253,0.995913
GUSD,calm,1676717884,1.001
GUSD,calm,1676721487,1.019
GUSD,calm,1676725064,0.999877
GUSD,calm,1676728682,0.998382
GUSD,calm,1676732274,1.002
GUSD,calm,1676735863,0.998533
GUSD,calm,1676739476,1.0
GUSD,calm,1676743073,0.999688
GUSD,calm,1676746684,0.998605
GUSD,calm,1676750268,1.0
GUSD,calm,1676753862,1.014
GUSD,calm,1676757470,0.998995
GUSD,calm,1676761086,0.999697
GUSD,calm,1676764657,0.999111
GUSD,calm,1676768268,0.999227
GUSD,calm,1676771848,1.003
GUSD,calm,1676775466,0.998975
GUSD,calm,1676779374,0.999217
GUSD,calm,1676782668,0.998489
GUSD,calm,1676786264,1.0
GUSD,calm,1676789887,0.998149
GUSD,calm,1676793485,1.0
GUSD,calm,1676797069,0.998428
GUSD,calm,1676800667,0.997123
GUSD,calm,1676804271,1.0
GUSD,calm,1676807853,0.999066
GUSD,calm,1676811486,1.004
GUSD,calm,1676815068,1.008
GUSD,calm,1676818668,1.007
GUSD,calm,1676822278,1.011
GUSD,calm,1676825855,0.999735
GUSD,calm,1676829454,1.005
GUSD,calm,1676833085,1.0
GUSD,calm,1676836663,1.003
GUSD,calm,1676840279,1.005
GUSD,calm,1676843887,1.033
GUSD,calm,1676847457,1.001
GUSD,calm,1676851078,0.997482
GUSD,calm,1676854670,0.997741
GUSD,calm,1676858274,1.008
GUSD,calm,1676861879,1.002
GUSD,calm,1676865459,0.999629
GUSD,calm,1676869075,1.027
GUSD,calm,1676872682,0.999723
GUSD,calm,1676876273,1.003
GUSD,calm,1676879868,1.002
GUSD,calm,1676883467,1.001
GUSD,calm,1676887080,1.0
GUSD,calm,1676890672,0.997989
GUSD,calm,1676894255,1.001
GUSD,calm,1676897855,1.008
GUSD,calm,1676901459,1.03
GUSD,calm,1676905083,1.008
GUSD,calm,1676908675,1.005
GUSD,calm,1676912265,1.007
GUSD,calm,1676915874,0.999501
GUSD,calm,1676919479,0.998503
GUSD,calm,1676923053,1.005
GUSD,calm,1676926664,1.005
GUSD,calm,1676930274,1.005
GUSD,calm,1676934177,1.005
GUSD,calm,1676937484,1.005
GUSD,calm,1676941357,1.005
GUSD,calm,1676944678,1.005
GUSD,calm,1676948251,1.007
GUSD,calm,1676951848,1.005
GUSD,calm,1676955483,1.0
GUSD,calm,1676959068,1.001
GUSD,calm,1676962668,1.006
GUSD,calm,1676966269,1.002
GUSD,calm,1676969863,1.001
GUSD,calm,1676973487,1.007
GUSD,calm,1676977065,0.997082
GUSD,calm,1676980656,0.998556
GUSD,calm,1676984288,0.997689
GUSD,calm,1676987865,0.998363
GUSD,calm,1676991464,0.997841
GUSD,calm,1676995060,1.002
GUSD,calm,1676998652,1.002
GUSD,calm,1677002277,1.002
GUSD,calm,1677005886,0.99872
GUSD,calm,1677009468,1.001
GUSD,calm,1677013066,1.001
GUSD,calm,1677016660,0.999145
GUSD,calm,1677020559,0.997428
GUSD,calm,1677023888,0.997965
GUSD,calm,1677027466,0.999678
GUSD,calm,1677031059,1.0
GUSD,calm,1677034665,1.001
GUSD,calm,1677038283,0.999253
GUSD,calm,1677041863,0.997752
GUSD,calm,1677045484,1.001
GUSD,calm,1677049078,0.999684
GUSD,calm,1677052654,0.998373
GUSD,calm,1677056262,0.998245
GUSD,calm,1677059872,0.999597
GUSD,calm,1677063461,0.997541
GUSD,calm,1677067079,0.999776
GUSD,calm,1677070657,0.999119
GUSD,calm,1677074278,0.999137
GUSD,calm,1677077887,1.0
GUSD,calm,1677081482,0.999929
GUSD,calm,1677085064,1.003
GUSD,calm,1677088677,1.0
GUSD,calm,1677092579,1.003
GUSD,calm,1677096148,1.003
GUSD,calm,1677099479,1.003
GUSD,calm,1677103087,1.001
GUSD,calm,1677106662,1.001
GUSD,calm,1677110274,1.0
GUSD,calm,1677114158,1.002
GUSD,calm,1677117468,1.005
GUSD,calm,1677121073,1.004
GUSD,calm,1677124654,1.0
GUSD,calm,1677128270,0.999384
GUSD,calm,1677131853,1.002
GUSD,calm,1677135481,1.003
GUSD,calm,1677139083,1.005
GUSD,calm,1677142678,1.002
GUSD,calm,1677146579,0.999898
GUSD,calm,1677149870,0.999094
GUSD,calm,1677153473,1.0
GUSD,calm,1677157083,1.004
GUSD,calm,1677160656,1.004
GUSD,calm,1677164283,1.002
GUSD,calm,1677167853,1.018
GUSD,calm,1677171458,1.0
GUSD,calm,1677175061,0.996581
GUSD,calm,1677178661,1.015
GUSD,calm,1677182583,1.017
GUSD,calm,1677185854,1.021
GUSD,calm,1677189466,0.999695
GUSD,calm,1677193075,0.999515
GUSD,calm,1677196683,1.001
GUSD,calm,1677200277,1.025
GUSD,calm,1677203879,1.006
GUSD,calm,1677207472,1.023
GUSD,calm,1677211375,1.001
GUSD,calm,1677214676,1.026
GUSD,calm,1677218277,1.024
GUSD,calm,1677221861,1.0
GUSD,calm,1677225474,1.003
GUSD,calm,1677229065,1.0
GUSD,calm,1677232955,1.025
GUSD,calm,1677236268,1.0
GUSD,calm,1677239860,1.025
GUSD,calm,1677243469,0.998708
GUSD,calm,1677247078,1.021
GUSD,calm,1677250657,1.024
GUSD,calm,1677254266,1.0
GUSD,calm,1677257864,1.003
GUSD,calm,1677261460,1.002
GUSD,calm,1677265062,1.003
GUSD,calm,1677268669,1.002
GUSD,calm,1677272264,1.002
GUSD,calm,1677275872,1.005
GUSD,calm,1677279456,1.004
GUSD,calm,1677283068,1.002
GUSD,calm,1677286914,0.997852096445153
GUSD,calm,1677290512,1.001347203375954
GUSD,calm,1677294110,0.9983292646213098
GUSD,calm,1677297470,1.001
GUSD,calm,1677301317,1.0008951093577307
GUSD,calm,1677304915,1.0016963619622248
GUSD,calm,1677308284,1.001
GUSD,calm,1677311877,1.001
GUSD,calm,1677315720,0.9999170864489627
GUSD,calm,1677319078,1.001
GUSD,calm,1677322686,0.99877
GUSD,calm,1677326517,1.015088751925105
GUSD,calm,1677329883,1.002
GUSD,calm,1677333722,1.000327501823251
GUSD,calm,1677337076,1.003
GUSD,calm,1677340662,1.002
GUSD,calm,1677344281,1.015
GUSD,calm,1677348119,1.01806934676189
GUSD,calm,1677351711,1.0015571432218462
GUSD,calm,1677355315,1.001203061740824
GUSD,calm,1677358686,1.006
GUSD,calm,1677362577,1.002
GUSD,calm,1677365872,1.001
GUSD,calm,1677369489,0.999704
GUSD,calm,1677373078,1.003
GUSD,calm,1677376663,1.001
GUSD,calm,1677380559,1.003
GUSD,calm,1677383875,1.003
GUSD,calm,1677387484,1.005
GUSD,calm,1677391368,1.004
GUSD,calm,1677394662,1.001
GUSD,calm,1677398563,1.004
GUSD,calm,1677401866,0.999952
GUSD,calm,1677405466,0.996518
GUSD,calm,1677409065,1.0
GUSD,calm,1677412681,1.002
GUSD,calm,1677416506,0.9928687710226156
GUSD,calm,1677420099,0.9979955371863211
GUSD,calm,1677423716,1.0088162133465832
GUSD,calm,1677427316,0.9991695472523524
GUSD,calm,1677430906,0.9993780014045611
GUSD,calm,1677434269,1.001
GUSD,calm,1677438113,0.9999207189680631
GUSD,calm,1677441699,1.0000419311840338
GUSD,calm,1677445067,1.034
GUSD,calm,1677448898,0.999392433752204
GUSD,calm,1677452249,1.036
GUSD,calm,1677456127,1.0032595576794308
GUSD,calm,1677459700,0.9972658270655009
GUSD,calm,1677463312,1.0015098052609748
GUSD,calm,1677466683,0.997267
GUSD,calm,1677470519,0.9954033134851846
GUSD,calm,1677474109,0.9938688704749329
GUSD,calm,1677477724,0.9944702275720388
GUSD,calm,1677481065,1.004
GUSD,calm,1677484670,0.998832
GUSD,calm,1677488271,0.999446
GUSD,calm,1677492111,1.0001446517520978
GUSD,calm,1677495711,1.0288190791491518
GUSD,calm,1677499304,1.0008243283780789
GUSD,calm,1677502924,1.000679259555011
GUSD,calm,1677506513,0.997164525088188
GUSD,calm,1677510101,0.9999034218447461
GUSD,calm,1677513662,0.999966
GUSD,calm,1677517305,1.0004764862225262
GUSD,calm,1677520908,1.0004043680551886
GUSD,calm,1677524263,1.003
GUSD,calm,1677527858,1.001
GUSD,calm,1677531468,1.0
GUSD,calm,1677535307,1.000854900962747
GUSD,calm,1677538668,1.0
GUSD,calm,1677542266,0.999219
GUSD,calm,1677546116,1.0314625411347134
GUSD,calm,1677549745,0.998955
GUSD,calm,1677553311,0.9986622336841107
GUSD,calm,1677556904,1.0322977501659503
GUSD,calm,1677560506,1.0008485630450668
GUSD,calm,1677564107,1.001061907301265
GUSD,calm,1677567708,1.0009361993260129
GUSD,calm,1677571363,0.998299
GUSD,calm,1677574911,0.9997750931089736
GUSD,calm,1677578488,0.9994943616680324
GUSD,calm,1677581853,0.999108
GUSD,calm,1677585704,1.001035535635303
GUSD,calm,1677589321,1.000101937603865
GUSD,calm,1677592655,0.999541
GUSD,calm,1677596269,0.99927
GUSD,calm,1677599869,1.001
GUSD,calm,1677603459,0.999041
GUSD,calm,1677607072,1.0
GUSD,calm,1677610665,0.999921
GUSD,calm,1677614272,1.027
GUSD,calm,1677618104,1.0215780348540227
GUSD,calm,1677621471,0.996152
GUSD,calm,1677625302,0.9995924937009515
GUSD,calm,1677628653,0.997223
GUSD,calm,1677632268,1.003
GUSD,calm,1677636115,1.0016478235056188
GUSD,calm,1677639460,1.001
GUSD,calm,1677643322,1.0028151850074294
GUSD,calm,1677646906,1.0010923274280625
GUSD,calm,1677650513,1.000902108396856
GUSD,calm,1677654100,1.0211283009256011
GUSD,calm,1677657710,1.001712819803232
GUSD,calm,1677661317,1.0001745995896687
GUSD,calm,1677664909,1.0011017736204748
GUSD,calm,1677668575,1.001
GUSD,calm,1677671857,1.001
GUSD,calm,1677675456,1.001
GUSD,calm,1677679375,1.001
GUSD,calm,1677682667,1.002
GUSD,calm,1677686253,1.001
GUSD,calm,1677689854,1.0
GUSD,calm,1677693480,1.002
GUSD,calm,1677697068,1.001
GUSD,calm,1677700665,1.002
GUSD,calm,1677704267,0.998336
GUSD,calm,1677708181,1.024
GUSD,calm,1677711465,1.024
GUSD,calm,1677715056,1.025
GUSD,calm,1677718658,1.025
GUSD,calm,1677722269,1.001
GUSD,calm,1677725871,1.025
GUSD,calm,1677729487,0.999866
GUSD,calm,1677733070,1.001
GUSD,calm,1677736654,1.0
GUSD,calm,1677740264,0.999975
GUSD,calm,1677744167,0.998244
GUSD,calm,1677747468,1.025
GUSD,calm,1677751059,0.999833
GUSD,calm,1677754962,0.999851
GUSD,calm,1677758274,0.997366
GUSD,calm,1677761863,0.998679
GUSD,calm,1677765457,0.999687
GUSD,calm,1677769081,1.025
GUSD,calm,1677772675,1.022
GUSD,calm,1677776572,0.999589
GUSD,calm,1677779888,0.999628
GUSD,calm,1677783463,0.998944
GUSD,calm,1677787052,1.001
GUSD,calm,1677790653,1.002
GUSD,calm,1677794275,1.0
GUSD,calm,1677797882,1.0
GUSD,calm,1677801474,1.0
GUSD,calm,1677805082,1.001
GUSD,calm,1677808658,1.001
GUSD,calm,1677812264,1.001
GUSD,calm,1677815852,0.999708
GUSD,calm,1677819473,1.0
GUSD,calm,1677823070,0.999698
GUSD,calm,1677826654,1.001
GUSD,calm,1677830273,1.0
GUSD,calm,1677833874,0.999647
GUSD,calm,1677837455,1.0
GUSD,calm,1677841076,1.001
GUSD,calm,1677844980,1.001
GUSD,calm,1677848312,1.018
GUSD,calm,1677851878,1.0
GUSD,calm,1677855449,1.002
GUSD,calm,1677859364,1.001
GUSD,calm,1677862661,1.0
GUSD,calm,1677866247,1.001
GUSD,calm,1677869851,1.001
GUSD,calm,1677873452,1.002
GUSD,calm,1677877078,1.002
GUSD,calm,1677880675,1.003
GUSD,calm,1677884267,1.001
GUSD,calm,1677887877,1.001
GUSD,calm,1677891485,0.999894
GUSD,calm,1677895066,1.0
GUSD,calm,1677898687,1.0
GUSD,calm,1677902286,1.0
GUSD,calm,1677905871,1.001
GUSD,calm,1677909454,1.001
GUSD,calm,1677913063,1.001
GUSD,calm,1677916659,1.001
GUSD,calm,1677920279,0.999606
GUSD,calm,1677923869,1.001
GUSD,calm,1677927467,1.001
GUSD,calm,1677931087,1.001
GUSD,calm,1677934660,1.017
GUSD,calm,1677938277,1.019
GUSD,calm,1677941861,1.018
GUSD,calm,1677945467,1.001
GUSD,calm,1677949085,1.001
GUSD,calm,1677952654,1.0
GUSD,calm,1677956253,0.999758
GUSD,calm,1677959871,0.99893
GUSD,calm,1677963769,1.002
GUSD,calm,1677967072,1.001
GUSD,calm,1677970661,1.001
GUSD,calm,1677974265,1.001
GUSD,calm,1677977872,1.03
GUSD,calm,1677981475,1.001
GUSD,calm,1677985377,0.999328
GUSD,calm,1677988648,1.001
GUSD,calm,1677992260,0.999357
GUSD,calm,1677995864,1.04
GUSD,calm,1677999467,1.002
GUSD,calm,1678003086,1.0
GUSD,calm,1678006649,1.0
GUSD,calm,1678010269,1.0
GUSD,calm,1678013852,1.002
GUSD,calm,1678017489,1.002
GUSD,calm,1678021311,1.0019511650486455
GUSD,calm,1678024685,1.002
GUSD,calm,1678028258,1.001
GUSD,calm,1678031879,1.001
GUSD,calm,1678035725,0.9975441211761075
GUSD,calm,1678039087,1.0
GUSD,calm,1678042979,1.044
GUSD,calm,1678046266,1.0
GUSD,calm,1678050170,0.999159
GUSD,calm,1678053715,0.9996677140925486
GUSD,calm,1678057085,0.999642
GUSD,calm,1678060910,0.9880120307568048
GUSD,calm,1678064521,1.0005958132112807
GUSD,calm,1678068116,1.0003410198559641
GUSD,calm,1678071719,1.0006835470171371
GUSD,calm,1678075325,1.0380939225931205
GUSD,calm,1678078914,0.9998247327749108
GUSD,calm,1678082512,1.0010068724757994
GUSD,calm,1678085878,1.0
GUSD,calm,1678089702,1.000628336343739
GUSD,calm,1678093079,1.001
GUSD,calm,1678096682,1.041
GUSD,calm,1678100280,1.001
GUSD,calm,1678103885,1.0
GUSD,calm,1678107471,1.039
GUSD,calm,1678111087,1.003
GUSD,calm,1678114671,1.003
GUSD,calm,1678118271,1.002
GUSD,calm,1678121880,1.035
GUSD,calm,1678125484,1.037
GUSD,calm,1678129079,1.036
GUSD,calm,1678132676,1.001
GUSD,calm,1678136274,0.999898
GUSD,calm,1678139876,1.001
GUSD,calm,1678143462,1.045
GUSD,calm,1678147086,0.999132
GUSD,calm,1678150683,1.004
GUSD,calm,1678154287,1.002
GUSD,calm,1678157880,1.002
GUSD,calm,1678161472,1.002
GUSD,calm,1678165068,1.002
GUSD,calm,1678168668,1.001
GUSD,calm,1678172278,1.001
GUSD,calm,1678175867,1.0
GUSD,calm,1678179479,1.001
GUSD,calm,1678183061,1.0
GUSD,calm,1678186679,1.0
GUSD,calm,1678190262,0.999658
GUSD,calm,1678193882,0.999709
GUSD,calm,1678197476,1.0
GUSD,calm,1678201072,1.001
GUSD,calm,1678204661,1.001
GUSD,calm,1678208266,0.999936
GUSD,calm,1678211858,1.001
GUSD,calm,1678215473,1.0
GUSD,calm,1678219059,0.999712
GUSD,calm,1678222672,1.0
GUSD,calm,1678226259,1.001
GUSD,calm,1678229864,1.0
GUSD,crisis,1678233483,1.001
GUSD,crisis,1678237070,1.001
GUSD,crisis,1678240674,1.001
GUSD,crisis,1678244279,1.001
GUSD,crisis,1678247853,1.0
GUSD,crisis,1678251463,1.0
GUSD,crisis,1678255061,1.002
GUSD,crisis,1678258662,1.001
GUSD,crisis,1678262270,1.002
GUSD,crisis,1678265862,1.001
GUSD,crisis,1678269470,1.002
GUSD,crisis,1678273083,1.001
GUSD,crisis,1678276679,1.001
GUSD,crisis,1678280262,1.001
GUSD,crisis,1678283874,1.001
GUSD,crisis,1678287459,1.002
GUSD,crisis,1678291078,1.002
GUSD,crisis,1678294680,1.001
GUSD,crisis,1678298284,1.0
GUSD,crisis,1678301861,1.001
GUSD,crisis,1678305479,1.0
GUSD,crisis,1678309055,1.0
GUSD,crisis,1678312957,0.998838
GUSD,crisis,1678316272,1.004
GUSD,crisis,1678319883,1.001
GUSD,crisis,1678323477,1.0
GUSD,crisis,1678327063,0.999378
GUSD,crisis,1678330682,1.002
GUSD,crisis,1678334295,1.002
GUSD,crisis,1678337864,1.0
GUSD,crisis,1678341458,1.001
GUSD,crisis,1678345077,0.999964
GUSD,crisis,1678348684,0.99928
GUSD,crisis,1678352271,1.0
GUSD,crisis,1678355874,1.0
GUSD,crisis,1678359457,0.999978
GUSD,crisis,1678363061,1.0
GUSD,crisis,1678366674,0.998369
GUSD,crisis,1678370277,0.999681
GUSD,crisis,1678373875,1.001
GUSD,crisis,1678377464,0.997612
GUSD,crisis,1678381060,0.998476
GUSD,crisis,1678384679,0.999907
GUSD,crisis,1678388271,0.999999
GUSD,crisis,1678391858,1.002
GUSD,crisis,1678395465,1.004
GUSD,crisis,1678399069,1.0
GUSD,crisis,1678402972,1.001
GUSD,crisis,1678406275,1.001
GUSD,crisis,1678409872,1.0
GUSD,crisis,1678413476,1.002
GUSD,crisis,1678417365,1.001
GUSD,crisis,1678420661,1.0
GUSD,crisis,1678424276,1.0
GUSD,crisis,1678427856,0.99928
GUSD,crisis,1678431460,0.99979
GUSD,crisis,1678435074,1.0
GUSD,crisis,1678438680,1.004
GUSD,crisis,1678442262,1.0
GUSD,crisis,1678445864,1.005
GUSD,crisis,1678449475,1.001
GUSD,crisis,1678453055,1.004
GUSD,crisis,1678456656,0.993779
GUSD,crisis,1678460272,0.995403
GUSD,crisis,1678463870,0.997429
GUSD,crisis,1678467452,0.998348
GUSD,crisis,1678471063,1.001
GUSD,crisis,1678474669,0.992387
GUSD,crisis,1678478260,1.0
GUSD,crisis,1678481873,0.998262
GUSD,crisis,1678485458,0.994449
GUSD,crisis,1678489070,0.996069
GUSD,crisis,1678492661,0.992791
GUSD,crisis,1678496274,0.992497
GUSD,crisis,1678499871,0.970038
GUSD,crisis,1678503469,0.989479
GUSD,crisis,1678507069,0.993192
GUSD,crisis,1678510658,0.992015
GUSD,crisis,1678514276,0.993835
GUSD,crisis,1678518167,0.976963
GUSD,crisis,1678521478,0.957882
GUSD,crisis,1678525066,0.961857
GUSD,crisis,1678528974,0.958046
GUSD,crisis,1678532270,0.973651
GUSD,crisis,1678535877,0.969912
GUSD,crisis,1678539685,0.9642208907740548
GUSD,crisis,1678543062,0.966585
GUSD,crisis,1678546678,0.960463
GUSD,crisis,1678550439,0.9679030291701582
GUSD,crisis,1678554103,0.9741075776609069
GUSD,crisis,1678557701,0.974567264864878
GUSD,crisis,1678561073,0.981128
GUSD,crisis,1678564914,0.9789048261818688
GUSD,crisis,1678568468,0.9825966691284566
GUSD,crisis,1678572080,0.9813509454072081
GUSD,crisis,1678575572,0.976814693500737
GUSD,crisis,1678579069,0.977921
GUSD,crisis,1678582858,0.9793858174782853
GUSD,crisis,1678586470,0.9812115893034804
GUSD,crisis,1678590069,0.9779813233666633
GUSD,crisis,1678593659,0.9795716389196311
GUSD,crisis,1678597275,0.9798326323955326
GUSD,crisis,1678600793,0.9786816488225183
GUSD,crisis,1678604256,0.970614
GUSD,crisis,1678608061,0.9679610920422488
GUSD,crisis,1678611666,0.9670619693939139
GUSD,crisis,1678615240,0.969758131247122
GUSD,crisis,1678618799,0.967738062392633
GUSD,crisis,1678622450,0.9730762166346743
GUSD,crisis,1678626002,0.9652297897129313
GUSD,crisis,1678629665,0.9311048530071899
GUSD,crisis,1678633283,0.9281871173276137
GUSD,crisis,1678636795,0.9706124556030481
GUSD,crisis,1678640266,0.96749
GUSD,crisis,1678643860,0.985899
GUSD,crisis,1678647477,0.98957
GUSD,crisis,1678651054,0.961202
GUSD,crisis,1678654906,0.9634998872875682
GUSD,crisis,1678658266,0.968342
GUSD,crisis,1678661984,0.9834816525412888
GUSD,crisis,1678665704,1.000532558825377
GUSD,crisis,1678669064,0.992053
GUSD,crisis,1678672666,0.991592
GUSD,crisis,1678676276,0.99219
GUSD,crisis,1678679858,0.991047
GUSD,crisis,1678683462,0.98768
GUSD,crisis,1678687060,0.984367
GUSD,crisis,1678690679,0.987382
GUSD,crisis,1678694261,0.981806
GUSD,crisis,1678697872,0.983674
GUSD,crisis,1678701458,1.001
GUSD,crisis,1678705366,0.992691
GUSD,crisis,1678708658,0.991252
GUSD,crisis,1678712564,0.993381
GUSD,crisis,1678716173,0.994905
GUSD,crisis,1678719477,0.996152
GUSD,crisis,1678723075,0.98722
GUSD,crisis,1678730264,1.001
GUSD,crisis,1678733876,0.998925
GUSD,crisis,1678737466,0.999353
GUSD,crisis,1678741076,0.995691
GUSD,crisis,1678744657,0.998199
GUSD,crisis,1678748252,0.999616
GUSD,crisis,1678751868,0.999877
GUSD,crisis,1678755456,0.997002
GUSD,crisis,1678759077,0.998078
GUSD,crisis,1678762658,0.995364
GUSD,crisis,1678766253,0.996658
GUSD,crisis,1678770170,0.997318
GUSD,crisis,1678773473,0.993031
GUSD,crisis,1678777056,0.994738
GUSD,crisis,1678780653,0.995144
GUSD,crisis,1678784574,0.996232
GUSD,crisis,1678787857,0.995344
GUSD,crisis,1678791458,0.9981
GUSD,crisis,1678795066,0.996725
GUSD,crisis,1678798921,1.0027533111300269
GUSD,crisis,1678802433,0.9942993146564614
GUSD,crisis,1678806030,0.9960384749709796
GUSD,crisis,1678809457,0.996877
GUSD,crisis,1678813177,0.998137
GUSD,crisis,1678816680,0.995234
GUSD,crisis,1678820500,0.9868450362390745
GUSD,crisis,1678823872,0.999794
GUSD,crisis,1678827707,0.9947091670962367
GUSD,crisis,1678831294,0.9971627628335452
GUSD,crisis,1678834676,0.999605
GUSD,crisis,1678838519,0.9974727720411716
GUSD,crisis,1678841874,0.996789
GUSD,crisis,1678845702,0.9991126055332484
GUSD,crisis,1678849069,0.999698
GUSD,crisis,1678852913,0.9977552519120646
GUSD,crisis,1678856503,0.9983400843933246
GUSD,crisis,1678859854,0.99672
GUSD,crisis,1678863458,0.997428
GUSD,crisis,1678867306,0.9997385382457976
GUSD,crisis,1678870906,0.9978335249054633
GUSD,crisis,1678874271,0.997039
GUSD,crisis,1678877866,1.001
GUSD,crisis,1678881709,1.0025751491174788
GUSD,crisis,1678885061,1.006
GUSD,crisis,1678888964,0.998548
GUSD,crisis,1678892265,1.001
GUSD,crisis,1678896123,1.0002308982273278
GUSD,crisis,1678899454,0.996472
GUSD,crisis,1678903300,1.0026147376530559
GUSD,crisis,1678906898,1.001904581669149
GUSD,crisis,1678910501,1.003307613558396
GUSD,crisis,1678913863,0.999981
GUSD,crisis,1678917693,1.0018431454253187
GUSD,crisis,1678921307,1.0017802099040112
GUSD,crisis,1678924674,1.002
GUSD,crisis,1678928511,1.0007874503644811
GUSD,crisis,1678931845,1.003
GUSD,crisis,1678935696,1.0011929692133203
GUSD,crisis,1678939303,1.0021940649573577
GUSD,crisis,1678942977,1.001
GUSD,crisis,1678946268,1.001
GUSD,crisis,1678950122,1.0028486660423646
GUSD,crisis,1678953723,1.0008085147847199
GUSD,crisis,1678957310,1.0003246384376137
GUSD,crisis,1678960905,1.000606718655953
GUSD,crisis,1678964269,1.002
GUSD,crisis,1678968107,1.0025400667933646
GUSD,crisis,1678971474,1.002
GUSD,crisis,1678975056,1.005
GUSD,crisis,1678978675,1.003
GUSD,crisis,1678982277,1.003
GUSD,crisis,1678985858,1.002
GUSD,crisis,1678989774,1.001
GUSD,crisis,1678993068,1.003
GUSD,crisis,1678996663,1.002
GUSD,crisis,1679000558,1.0
GUSD,crisis,1679003870,1.004
GUSD,crisis,1679007471,1.003
USDP,calm,1676505760,0.996524
USDP,calm,1676509070,0.991552
USDP,calm,1676512910,1.0007040920301118
USDP,calm,1676516510,0.99698366821701
USDP,calm,1676519862,0.993437
USDP,calm,1676523513,0.9976781305411816
USDP,calm,1676527056,0.995496
USDP,calm,1676530912,0.9983416889262892
USDP,calm,1676534518,0.9923413684047402
USDP,calm,1676537854,0.998206
USDP,calm,1676541697,0.9919998417872361
USDP,calm,1676545069,0.992842
USDP,calm,1676548898,0.9927567875223918
USDP,calm,1676552272,0.990986
USDP,calm,1676555863,0.999192
USDP,calm,1676559459,0.998836
USDP,calm,1676563354,0.990801
USDP,calm,1676566668,0.999072
USDP,calm,1676570266,0.9882
USDP,calm,1676573867,0.987818
USDP,calm,1676577460,1.002
USDP,calm,1676581058,0.997558
USDP,calm,1676584664,0.998439
USDP,calm,1676588273,0.998871
USDP,calm,1676591862,1.009
USDP,calm,1676595464,0.99837
USDP,calm,1676599066,0.999419
USDP,calm,1676602650,1.001
USDP,calm,1676606271,0.990304
USDP,calm,1676610173,0.996921
USDP,calm,1676613464,0.998315
USDP,calm,1676617067,0.998684
USDP,calm,1676620672,0.998538
USDP,calm,1676624263,0.987405
USDP,calm,1676627864,1.0
USDP,calm,1676631462,0.998572
USDP,calm,1676635073,0.998419
USDP,calm,1676638669,0.990496
USDP,calm,1676642273,0.999832
USDP,calm,1676645871,1.011
USDP,calm,1676649474,0.997772
USDP,calm,1676653065,0.995319
USDP,calm,1676656669,0.99978
USDP,calm,1676660254,0.998701
USDP,calm,1676663867,0.999392
USDP,calm,1676667475,0.999202
USDP,calm,1676671070,1.001
USDP,calm,1676674672,0.99935
USDP,calm,1676678269,1.002
USDP,calm,1676681855,0.987783
USDP,calm,1676685772,0.999089
USDP,calm,1676689073,0.999522
USDP,calm,1676692667,0.999599
USDP,calm,1676696274,0.99916
USDP,calm,1676699872,0.999672
USDP,calm,1676703473,0.999992
USDP,calm,1676707061,1.002
USDP,calm,1676710667,0.998757
USDP,calm,1676714259,0.99954
USDP,calm,1676717861,0.999829
USDP,calm,1676721468,0.999292
USDP,calm,1676725063,0.999365
USDP,calm,1676728673,0.999404
USDP,calm,1676732268,0.991071
USDP,calm,1676735866,0.991173
USDP,calm,1676739465,0.999861
USDP,calm,1676743070,0.991549
USDP,calm,1676746657,0.990173
USDP,calm,1676750253,1.002
USDP,calm,1676753862,0.999671
USDP,calm,1676757471,1.0
USDP,calm,1676761074,0.999043
USDP,calm,1676764661,0.999853
USDP,calm,1676768561,0.995577
USDP,calm,1676772171,0.994806
USDP,calm,1676775452,0.993895
USDP,calm,1676779070,0.994079
USDP,calm,1676782670,0.99366
USDP,calm,1676786264,0.994535
USDP,calm,1676789865,0.993556
USDP,calm,1676793456,0.993823
USDP,calm,1676797070,0.999375
USDP,calm,1676800671,0.999385
USDP,calm,1676804270,0.998886
USDP,calm,1676807871,0.999576
USDP,calm,1676811714,0.9991469368309427
USDP,calm,1676815304,0.9994125601496848
USDP,calm,1676818663,0.997957
USDP,calm,1676822274,0.997842
USDP,calm,1676826124,0.9904041972631389
USDP,calm,1676829462,1.003
USDP,calm,1676833056,0.999815
USDP,calm,1676836915,0.999182067735039
USDP,calm,1676840520,0.9991070562341284
USDP,calm,1676844119,0.9990283684514341
USDP,calm,1676847467,1.0
USDP,calm,1676851310,0.998249669193778
USDP,calm,1676854903,1.0000884300171364
USDP,calm,1676858269,0.991969
USDP,calm,1676862111,0.9974604923309985
USDP,calm,1676865464,0.994855
USDP,calm,1676869068,0.993909
USDP,calm,1676872668,0.994602
USDP,calm,1676876501,1.0002651808952236
USDP,calm,1676880099,0.9991229797614376
USDP,calm,1676883469,0.994494
USDP,calm,1676887307,0.9927433519861365
USDP,calm,1676890673,0.991991
USDP,calm,1676894521,0.9993917122242476
USDP,calm,1676897860,0.991562
USDP,calm,1676901466,0.990751
USDP,calm,1676905307,1.000844786566533
USDP,calm,1676908918,1.000162751262842
USDP,calm,1676912507,0.9988630089920973
USDP,calm,1676915868,1.0
USDP,calm,1676919712,0.9994723288279386
USDP,calm,1676923070,0.999419
USDP,calm,1676926669,0.999402
USDP,calm,1676930275,0.992281
USDP,calm,1676934105,0.9986502167453605
USDP,calm,1676937470,0.990908
USDP,calm,1676941322,0.9914401751077745
USDP,calm,1676944665,0.999178
USDP,calm,1676948258,0.9942
USDP,calm,1676951863,0.993421
USDP,calm,1676955715,0.9991749205856698
USDP,calm,1676959299,0.9927846129388294
USDP,calm,1676962669,0.994875
USDP,calm,1676966513,0.9986431608312735
USDP,calm,1676969860,0.996738
USDP,calm,1676973463,0.989781
USDP,calm,1676977307,0.9896993805902042
USDP,calm,1676980922,1.0010735974208624
USDP,calm,1676984270,0.988368
USDP,calm,1676988107,1.0024601002137292
USDP,calm,1676991468,1.0
USDP,calm,1676995309,1.0002244241258251
USDP,calm,1676998665,0.993277
USDP,calm,1677002271,1.0
USDP,calm,1677006111,0.9952301632563263
USDP,calm,1677009446,0.994576
USDP,calm,1677013065,0.993686
USDP,calm,1677016663,0.991063
USDP,calm,1677020506,0.9913258725619081
USDP,calm,1677024123,0.9906272055274767
USDP,calm,1677027464,0.994998
USDP,calm,1677031050,0.99182
USDP,calm,1677034903,0.993660058908724
USDP,calm,1677038503,0.996272401748319
USDP,calm,1677042111,1.0009794243196048
USDP,calm,1677045699,0.9954347410030803
USDP,calm,1677049300,1.0001599191279968
USDP,calm,1677052896,1.0006402996577652
USDP,calm,1677056456,0.9942306423773082
USDP,calm,1677059868,0.996499
USDP,calm,1677063658,0.997872207161255
USDP,calm,1677067330,0.9937794172402664
USDP,calm,1677070913,0.9954081648932008
USDP,calm,1677074270,0.996824
USDP,calm,1677077870,0.995719
USDP,calm,1677081472,0.999558
USDP,calm,1677085312,0.9945678731087317
USDP,calm,1677088901,0.9935964796983014
USDP,calm,1677092272,1.002
USDP,calm,1677095865,0.996878
USDP,calm,1677099474,0.993192
USDP,calm,1677103316,0.9941643378481276
USDP,calm,1677106669,0.995526
USDP,calm,1677110533,0.9940481609682209
USDP,calm,1677113849,0.994527
USDP,calm,1677117472,0.998987
USDP,calm,1677121065,0.999039
USDP,calm,1677124922,0.9986341563469614
USDP,calm,1677128270,0.993903
USDP,calm,1677132120,0.9999190394606084
USDP,calm,1677135727,0.9938557874808396
USDP,calm,1677139068,0.99416
USDP,calm,1677142934,0.997762723530409
USDP,calm,1677146274,0.998289
USDP,calm,1677150128,0.9984343637884714
USDP,calm,1677153472,1.002
USDP,calm,1677157069,0.996481
USDP,calm,1677160673,1.006
USDP,calm,1677164527,0.9979616027202919
USDP,calm,1677168128,0.9980295019567849
USDP,calm,1677171724,1.0034436689263542
USDP,calm,1677175316,0.999433918135303
USDP,calm,1677178668,0.997828
USDP,calm,1677182571,0.999917
USDP,calm,1677186105,1.0006359645398306
USDP,calm,1677189718,0.9986005088510195
USDP,calm,1677193068,0.995406
USDP,calm,1677196655,0.99793
USDP,calm,1677200258,0.998768
USDP,calm,1677203873,0.999249
USDP,calm,1677207471,0.998457
USDP,calm,1677211072,0.999543
USDP,calm,1677214668,0.998647
USDP,calm,1677218255,0.999369
USDP,calm,1677221861,0.998901
USDP,calm,1677225475,0.999324
USDP,calm,1677229068,0.999341
USDP,calm,1677232671,0.997985
USDP,calm,1677236271,0.997858
USDP,calm,1677239871,0.996925
USDP,calm,1677243759,0.997683
USDP,calm,1677247066,1.001
USDP,calm,1677250658,0.996954
USDP,calm,1677254266,1.002
USDP,calm,1677257864,0.999376
USDP,calm,1677261470,1.002
USDP,calm,1677265363,1.001
USDP,calm,1677268667,0.999182
USDP,calm,1677272266,1.001
USDP,calm,1677275867,1.003
USDP,calm,1677279465,0.999329
USDP,calm,1677283069,0.998882
USDP,calm,1677286667,0.997169
USDP,calm,1677290275,0.998814
USDP,calm,1677293863,0.998079
USDP,calm,1677297471,0.998635
USDP,calm,1677301069,0.998859
USDP,calm,1677304667,0.99809
USDP,calm,1677308266,0.998343
USDP,calm,1677311869,0.997854
USDP,calm,1677315474,0.998247
USDP,calm,1677319068,0.999116
USDP,calm,1677322655,0.999391
USDP,calm,1677326273,0.999286
USDP,calm,1677329867,1.001
USDP,calm,1677333466,0.996751
USDP,calm,1677337068,0.997275
USDP,calm,1677340652,0.997147
USDP,calm,1677344260,0.997648
USDP,calm,1677347852,0.998112
USDP,calm,1677351470,0.998688
USDP,calm,1677355056,0.996903
USDP,calm,1677358660,1.001
USDP,calm,1677362263,0.998428
USDP,calm,1677365870,0.997995
USDP,calm,1677369469,0.99576
USDP,calm,1677373069,0.997017
USDP,calm,1677376672,0.999478
USDP,calm,1677380270,1.0
USDP,calm,1677383871,0.999917
USDP,calm,1677387462,0.998659
USDP,calm,1677391070,0.99789
USDP,calm,1677394671,0.997481
USDP,calm,1677398264,0.998301
USDP,calm,1677401866,0.997823
USDP,calm,1677405470,0.996177
USDP,calm,1677409071,0.998515
USDP,calm,1677412669,0.997786
USDP,calm,1677416264,1.0
USDP,calm,1677419866,0.999131
USDP,calm,1677423464,0.997489
USDP,calm,1677427067,1.0
USDP,calm,1677430669,1.0
USDP,calm,1677434566,0.999731
USDP,calm,1677437852,0.993386
USDP,calm,1677441470,0.998051
USDP,calm,1677445071,1.001
USDP,calm,1677448670,0.999158
USDP,calm,1677452273,0.999774
USDP,calm,1677455864,0.999169
USDP,calm,1677459470,1.0
USDP,calm,1677463067,0.998105
USDP,calm,1677466671,0.99999
USDP,calm,1677470269,0.999628
USDP,calm,1677473865,1.001
USDP,calm,1677477467,0.99922
USDP,calm,1677481071,0.998923
USDP,calm,1677484668,0.999723
USDP,calm,1677488254,0.99982
USDP,calm,1677491851,1.0
USDP,calm,1677495770,1.001
USDP,calm,1677499066,0.999575
USDP,calm,1677502667,0.998726
USDP,calm,1677506269,0.999694
USDP,calm,1677509862,1.0
USDP,calm,1677513645,0.998709
USDP,calm,1677517064,1.0
USDP,calm,1677520670,0.999325
USDP,calm,1677524266,1.0
USDP,calm,1677527844,0.998455
USDP,calm,1677531474,0.997131
USDP,calm,1677535067,0.998332
USDP,calm,1677538670,1.003
USDP,calm,1677542265,0.99982
USDP,calm,1677545872,0.999601
USDP,calm,1677549767,0.998174
USDP,calm,1677553070,0.998756
USDP,calm,1677556661,0.999594
USDP,calm,1677560269,0.998376
USDP,calm,1677564175,1.0
USDP,calm,1677567468,0.999483
USDP,calm,1677571071,1.002
USDP,calm,1677574669,0.998792
USDP,calm,1677578270,0.998539
USDP,calm,1677581867,0.998528
USDP,calm,1677585465,0.999756
USDP,calm,1677589069,0.999414
USDP,calm,1677592668,0.99753
USDP,calm,1677596249,0.997141
USDP,calm,1677599875,0.99964
USDP,calm,1677603472,0.998394
USDP,calm,1677607070,0.997656
USDP,calm,1677610668,0.998981
USDP,calm,1677614273,1.0
USDP,calm,1677617859,0.996075
USDP,calm,1677621472,0.995976
USDP,calm,1677625060,0.998124
USDP,calm,1677628670,0.997772
USDP,calm,1677632572,0.998366
USDP,calm,1677635866,1.002
USDP,calm,1677639469,1.002
USDP,calm,1677643068,1.002
USDP,calm,1677646665,1.001
USDP,calm,1677650255,0.999213
USDP,calm,1677653875,1.0
USDP,calm,1677657473,0.99966
USDP,calm,1677661067,0.999618
USDP,calm,1677664975,0.998875
USDP,calm,1677668273,1.001
USDP,calm,1677671869,1.0
USDP,calm,1677675760,0.999743
USDP,calm,1677679064,0.999069
USDP,calm,1677682965,1.001
USDP,calm,1677686268,0.9997
USDP,calm,1677689868,0.99718
USDP,calm,1677693470,1.001
USDP,calm,1677697076,1.0
USDP,calm,1677700973,1.009
USDP,calm,1677704572,1.001
USDP,calm,1677707867,1.001
USDP,calm,1677711468,0.998053
USDP,calm,1677715064,0.99895
USDP,calm,1677718660,1.0
USDP,calm,1677722257,0.999266
USDP,calm,1677725868,0.999501
USDP,calm,1677729662,0.999489
USDP,calm,1677733373,1.001
USDP,calm,1677736669,1.001
USDP,calm,1677740556,0.999961
USDP,calm,1677743867,0.999162
USDP,calm,1677747467,0.999753
USDP,calm,1677751362,1.0
USDP,calm,1677754670,1.001
USDP,calm,1677758244,0.9994
USDP,calm,1677762117,0.9990717420641432
USDP,calm,1677765712,1.001337482171288
USDP,calm,1677769048,0.997925
USDP,calm,1677772674,0.998153
USDP,calm,1677776502,0.9996335471093326
USDP,calm,1677780111,0.9995782584170442
USDP,calm,1677783726,0.9983634333043517
USDP,calm,1677787328,1.000685562779113
USDP,calm,1677790667,1.002
USDP,calm,1677794273,0.999105
USDP,calm,1677798114,1.0006377492430607
USDP,calm,1677801472,1.0
USDP,calm,1677805325,0.9993228487619675
USDP,calm,1677808926,0.9991980865836582
USDP,calm,1677812523,0.9961109181216578
USDP,calm,1677815869,0.995326
USDP,calm,1677819726,0.9968228283410071
USDP,calm,1677823312,0.997537291598874
USDP,calm,1677826914,0.9975618489292271
USDP,calm,1677830523,0.999960643187901
USDP,calm,1677834111,0.9979629854992861
USDP,calm,1677837471,0.999078
USDP,calm,1677841073,0.999039
USDP,calm,1677844927,1.000355857286939
USDP,calm,1677848509,0.9997825488893902
USDP,calm,1677852154,0.998781
USDP,calm,1677855447,0.999009
USDP,calm,1677859071,1.001
USDP,calm,1677862668,0.999411
USDP,calm,1677866509,0.9988139147040473
USDP,calm,1677870112,0.9981660928573686
USDP,calm,1677873466,0.998807
USDP,calm,1677877374,0.997899
USDP,calm,1677880663,1.003
USDP,calm,1677884270,0.99656
USDP,calm,1677888126,0.9979124234753789
USDP,calm,1677891468,0.997218
USDP,calm,1677895317,1.0000682744757032
USDP,calm,1677898915,0.9995436836792264
USDP,calm,1677902268,1.0
USDP,calm,1677906119,0.9994560085694111
USDP,calm,1677909715,0.9998467248360359
USDP,calm,1677913074,0.99989
USDP,calm,1677916664,1.0
USDP,calm,1677920502,0.9985056615819344
USDP,calm,1677923864,0.999031
USDP,calm,1677927713,0.9980894644709684
USDP,calm,1677931062,0.999375
USDP,calm,1677934665,0.998414
USDP,calm,1677938271,0.999347
USDP,calm,1677941874,0.999323
USDP,calm,1677945472,1.0
USDP,calm,1677949072,0.99989
USDP,calm,1677952664,1.0
USDP,calm,1677956266,0.999801
USDP,calm,1677959868,0.99778
USDP,calm,1677963475,0.99776
USDP,calm,1677967071,0.999883
USDP,calm,1677970668,1.0
USDP,calm,1677974274,1.001
USDP,calm,1677977870,1.0
USDP,calm,1677981473,0.99974
USDP,calm,1677985072,0.995904
USDP,calm,1677988667,1.001
USDP,calm,1677992273,0.998416
USDP,calm,1677995873,1.0
USDP,calm,1677999474,0.999845
USDP,calm,1678003071,1.0
USDP,calm,1678006665,1.0
USDP,calm,1678010269,1.001
USDP,calm,1678013865,1.0
USDP,calm,1678017467,0.999671
USDP,calm,1678021071,0.999222
USDP,calm,1678024673,1.0
USDP,calm,1678028272,1.0
USDP,calm,1678032163,0.999466
USDP,calm,1678035467,0.999624
USDP,calm,1678039070,0.99983
USDP,calm,1678042668,0.999934
USDP,calm,1678046274,0.99946
USDP,calm,1678049866,0.999252
USDP,calm,1678053468,1.0
USDP,calm,1678057069,0.999469
USDP,calm,1678060666,0.998803
USDP,calm,1678064270,0.99963
USDP,calm,1678067871,1.002
USDP,calm,1678071470,1.001
USDP,calm,1678075072,1.0
USDP,calm,1678078668,1.001
USDP,calm,1678082273,1.0
USDP,calm,1678085868,0.999094
USDP,calm,1678089465,0.999419
USDP,calm,1678093066,0.999978
USDP,calm,1678096667,1.0
USDP,calm,1678100267,0.999873
USDP,calm,1678103873,0.999451
USDP,calm,1678107469,0.999579
USDP,calm,1678111299,1.0004941817892992
USDP,calm,1678114673,0.99973
USDP,calm,1678118508,0.9983828138883882
USDP,calm,1678122113,0.9996116788803903
USDP,calm,1678125720,1.0007155416648172
USDP,calm,1678129067,0.999415
USDP,calm,1678132671,1.001
USDP,calm,1678136495,0.9985282721994477
USDP,calm,1678140114,0.9991552977916851
USDP,calm,1678143472,0.998876
USDP,calm,1678147319,0.9984737954799277
USDP,calm,1678150915,1.0020927815346847
USDP,calm,1678154264,0.999776
USDP,calm,1678158117,0.9998549336750487
USDP,calm,1678161775,0.998726
USDP,calm,1678165072,0.998785
USDP,calm,1678168726,0.999635
USDP,calm,1678172273,0.999386
USDP,calm,1678176118,0.9997694592961419
USDP,calm,1678179465,1.001
USDP,calm,1678183309,0.9993531281257547
USDP,calm,1678186671,1.0
USDP,calm,1678190500,1.0018059981633334
USDP,calm,1678194169,0.999781
USDP,calm,1678197470,0.999657
USDP,calm,1678201073,0.999837
USDP,calm,1678204673,1.0
USDP,calm,1678208266,0.997551
USDP,calm,1678211866,0.9988
USDP,calm,1678215467,1.001
USDP,calm,1678219073,0.999094
USDP,calm,1678222965,0.999221
USDP,calm,1678226267,1.0
USDP,calm,1678229874,0.999184
USDP,crisis,1678233464,0.998881
USDP,crisis,1678237074,1.001
USDP,crisis,1678240667,1.0
USDP,crisis,1678244265,0.999135
USDP,crisis,1678247864,0.999873
USDP,crisis,1678251464,0.999582
USDP,crisis,1678255068,1.009
USDP,crisis,1678258972,0.99862
USDP,crisis,1678262273,0.996766
USDP,crisis,1678265874,1.0
USDP,crisis,1678269469,0.994496
USDP,crisis,1678273072,0.9961
USDP,crisis,1678276668,0.991232
USDP,crisis,1678280269,0.992263
USDP,crisis,1678283865,0.992089
USDP,crisis,1678287753,0.99333
USDP,crisis,1678291066,0.992336
USDP,crisis,1678294671,0.992459
USDP,crisis,1678298265,1.0
USDP,crisis,1678301869,0.990726
USDP,crisis,1678305465,0.990099
USDP,crisis,1678309052,0.991095
USDP,crisis,1678312674,0.989491
USDP,crisis,1678316268,0.989624
USDP,crisis,1678319873,0.982432
USDP,crisis,1678323765,0.999343
USDP,crisis,1678327066,0.999545
USDP,crisis,1678330960,0.988447
USDP,crisis,1678334258,0.999974
USDP,crisis,1678337874,1.0
USDP,crisis,1678341770,1.0
USDP,crisis,1678345370,1.001
USDP,crisis,1678348665,0.999741
USDP,crisis,1678352275,1.001
USDP,crisis,1678355873,1.0
USDP,crisis,1678359757,0.999125
USDP,crisis,1678363072,0.999885
USDP,crisis,1678366674,0.99992
USDP,crisis,1678370267,0.999827
USDP,crisis,1678373848,1.002
USDP,crisis,1678377474,0.999276
USDP,crisis,1678381068,1.0
USDP,crisis,1678384661,1.001
USDP,crisis,1678388274,1.003
USDP,crisis,1678392168,1.002
USDP,crisis,1678395466,1.006
USDP,crisis,1678399069,1.0
USDP,crisis,1678402672,1.0
USDP,crisis,1678406267,1.0
USDP,crisis,1678409866,1.001
USDP,crisis,1678413471,1.001
USDP,crisis,1678417067,1.0
USDP,crisis,1678420666,1.001
USDP,crisis,1678424270,1.002
USDP,crisis,1678427866,1.0
USDP,crisis,1678431468,1.002
USDP,crisis,1678435065,1.001
USDP,crisis,1678438669,1.001
USDP,crisis,1678442272,1.001
USDP,crisis,1678445871,1.008
USDP,crisis,1678449476,0.99758
USDP,crisis,1678453206,1.0002391490794444
USDP,crisis,1678456809,0.9934933733316315
USDP,crisis,1678460434,0.9959214195941208
USDP,crisis,1678463876,1.0
USDP,crisis,1678467677,0.9985946288582774
USDP,crisis,1678471280,1.0042235809421796
USDP,crisis,1678474841,1.0014412988938808
USDP,crisis,1678478525,0.9981591503600131
USDP,crisis,1678482118,1.000154736304974
USDP,crisis,1678485656,0.9997029776334408
USDP,crisis,1678489223,0.9975511555768063
USDP,crisis,1678492863,0.9951157795379225
USDP,crisis,1678496268,0.995386
USDP,crisis,1678500052,0.9746252646498741
USDP,crisis,1678503633,0.9877926903156369
USDP,crisis,1678507197,0.9855077631871093
USDP,crisis,1678510666,0.980465
USDP,crisis,1678514429,0.9785284415979393
USDP,crisis,1678518051,0.9482426366645651
USDP,crisis,1678521662,0.9758185810210858
USDP,crisis,1678525193,0.9747116218424613
USDP,crisis,1678528664,0.95008
USDP,crisis,1678532275,0.955122
USDP,crisis,1678536075,0.953712116843665
USDP,crisis,1678539662,0.9745179972330936
USDP,crisis,1678543214,0.9815886567567147
USDP,crisis,1678546966,0.957793
USDP,crisis,1678550445,0.9789587511724583
USDP,crisis,1678554014,0.9774714751968049
USDP,crisis,1678557694,0.9788359092701394
USDP,crisis,1678561380,0.9939140762895871
USDP,crisis,1678564856,0.9887791843025686
USDP,crisis,1678568580,0.982312
USDP,crisis,1678571993,0.9860081397874568
USDP,crisis,1678575604,0.9816567676575052
USDP,crisis,1678579360,0.98358
USDP,crisis,1678582808,0.9896587189517941
USDP,crisis,1678586425,0.990471293946653
USDP,crisis,1678590041,0.9881679425500632
USDP,crisis,1678593633,0.9820864281943615
USDP,crisis,1678597277,0.9844374589234988
USDP,crisis,1678600834,0.977886043123266
USDP,crisis,1678604275,0.978055
USDP,crisis,1678607870,0.972011
USDP,crisis,1678611674,0.974964849635136
USDP,crisis,1678615275,0.9811856200680414
USDP,crisis,1678618852,0.9811822027519381
USDP,crisis,1678622399,0.9828111570888858
USDP,crisis,1678626079,0.979595742994867
USDP,crisis,1678629650,0.9872080687254042
USDP,crisis,1678633269,0.9819915158062034
USDP,crisis,1678636888,0.9844816237228503
USDP,crisis,1678640389,0.9915804035949338
USDP,crisis,1678643994,0.9951565133766662
USDP,crisis,1678647470,0.994311
USDP,crisis,1678651069,0.988406
USDP,crisis,1678654817,0.997789470382911
USDP,crisis,1678658270,0.995627
USDP,crisis,1678662064,1.002568562441913
USDP,crisis,1678665468,0.992916
USDP,crisis,1678669072,0.991917
USDP,crisis,1678672667,0.992421
USDP,crisis,1678676470,0.9938234172864091
USDP,crisis,1678679872,0.990681
USDP,crisis,1678683474,0.986956
USDP,crisis,1678687359,0.9839411961089042
USDP,crisis,1678690862,0.9840568560722579
USDP,crisis,1678694462,0.9829322413144633
USDP,crisis,1678697874,0.990707
USDP,crisis,1678701441,0.999987
USDP,crisis,1678705261,0.9920266475459187
USDP,crisis,1678708699,0.991804
USDP,crisis,1678712271,0.993016
USDP,crisis,1678716049,0.9982616253107485
USDP,crisis,1678719672,1.0014992264806164
USDP,crisis,1678723286,0.9928622625801842
USDP,crisis,1678726970,0.9966905425323096
USDP,crisis,1678730481,1.00225120538682
USDP,crisis,1678733997,1.0024347248523735
USDP,crisis,1678737710,1.000786614427252
USDP,crisis,1678741261,0.9992036699306084
USDP,crisis,1678744839,0.9992859278170911
USDP,crisis,1678748268,0.999919
USDP,crisis,1678752075,0.9996986373213806
USDP,crisis,1678755473,1.0
USDP,crisis,1678759067,0.99844
USDP,crisis,1678762673,0.998933
USDP,crisis,1678766263,1.0
USDP,crisis,1678769873,0.998734
USDP,crisis,1678773466,0.998284
USDP,crisis,1678777067,0.999319
USDP,crisis,1678780673,0.998864
USDP,crisis,1678784569,0.998769
USDP,crisis,1678788159,0.999119
USDP,crisis,1678791466,1.001
USDP,crisis,1678795070,1.003
USDP,crisis,1678798668,1.011
USDP,crisis,1678802270,0.994125
USDP,crisis,1678805867,1.001
USDP,crisis,1678813171,1.0
USDP,crisis,1678816672,0.995816
USDP,crisis,1678820257,0.989155
USDP,crisis,1678823866,0.997252
USDP,crisis,1678827466,0.999022
USDP,crisis,1678831065,0.998471
USDP,crisis,1678834666,1.003
USDP,crisis,1678838261,1.001
USDP,crisis,1678841870,1.002
USDP,crisis,1678845472,1.002
USDP,crisis,1678849069,1.002
USDP,crisis,1678852667,1.0
USDP,crisis,1678856268,1.0
USDP,crisis,1678859871,0.997779
USDP,crisis,1678863465,1.0
USDP,crisis,1678867369,1.003
USDP,crisis,1678870667,1.0
USDP,crisis,1678874271,1.0
USDP,crisis,1678877866,0.998172
USDP,crisis,1678881767,1.003
USDP,crisis,1678885065,0.999676
USDP,crisis,1678888652,0.999137
USDP,crisis,1678892268,1.002
USDP,crisis,1678895868,0.997282
USDP,crisis,1678899463,0.996613
USDP,crisis,1678903068,1.001
USDP,crisis,1678906668,1.005
USDP,crisis,1678910256,1.005
USDP,crisis,1678913863,1.004
USDP,crisis,1678917452,1.006
USDP,crisis,1678921062,1.004
USDP,crisis,1678924964,1.004
USDP,crisis,1678928266,1.004
USDP,crisis,1678931871,1.004
USDP,crisis,1678935463,1.003
USDP,crisis,1678939051,1.002
USDP,crisis,1678942664,1.003
USDP,crisis,1678946271,1.003
USDP,crisis,1678949866,1.004
USDP,crisis,1678953471,1.002
USDP,crisis,1678957064,1.003
USDP,crisis,1678960991,1.003
USDP,crisis,1678964311,1.003
USDP,crisis,1678968208,1.004
USDP,crisis,1678971660,1.003405351691799
USDP,crisis,1678975256,1.0076527898048022
USDP,crisis,1678978836,1.0033110250181094
USDP,crisis,1678982455,1.0053585222912647
USDP,crisis,1678985912,1.003
USDP,crisis,1678989713,1.0052829513292407
USDP,crisis,1678993249,1.0066943894607177
USDP,crisis,1678996907,1.0026073101508146
USDP,crisis,1679000454,0.9983656405323535
USDP,crisis,1679004054,1.0060722037947736
USDP,crisis,1679007735,1.0050060146176425
