venue,symbol,open_time,low,close,volume
Binance,USDPUSDT,1678543200000,0.9402,0.9673,2736612.0
Binance,USDPUSDT,1678546800000,0.9599,0.9776,1924790.0
Binance,USDPUSDT,1678550400000,0.971,0.9734,1239208.0
Binance,USDPUSDT,1678554000000,0.9721,0.9809,180405.0
Binance,USDPUSDT,1678557600000,0.9743,0.9847,780906.0
Binance,USDPUSDT,1678561200000,0.9825,0.9848,242042.0
Binance,USDPUSDT,1678564800000,0.978,0.989,726049.0
Binance,USDPUSDT,1678568400000,0.97,0.983,1719896.0
Binance,USDPUSDT,1678572000000,0.9818,0.9818,3314705.0
Binance,USDPUSDT,1678575600000,0.9784,0.9925,2190330.0
Binance,USDPUSDT,1678579200000,0.99,0.991,1422132.0
Binance,USDPUSDT,1678582800000,0.9836,0.99,835076.0
Binance,USDPUSDT,1678586400000,0.9835,0.99,227946.0
Binance,USDPUSDT,1678590000000,0.9833,0.9837,358792.0
Binance,USDPUSDT,1678593600000,0.9839,0.9865,408854.0
Binance,USDPUSDT,1678597200000,0.977,0.98,389432.0
Binance,USDPUSDT,1678600800000,0.978,0.9783,1246543.0
Binance,USDPUSDT,1678604400000,0.9706,0.971,1230050.0
Binance,USDPUSDT,1678608000000,0.9707,0.9715,334170.0
Binance,USDPUSDT,1678611600000,0.9715,0.9801,892319.0
Binance,USDPUSDT,1678615200000,0.9801,0.9806,1005086.0
Binance,USDPUSDT,1678618800000,0.976,0.9823,646589.0
Binance,USDPUSDT,1678622400000,0.976,0.9821,512988.0
Binance,USDPUSDT,1678626000000,0.9767,0.9815,554843.0
Binance,USDPUSDT,1678629600000,0.9761,0.9838,707134.0
Binance,USDPUSDT,1678633200000,0.9755,0.9834,761748.0
Binance,USDPUSDT,1678636800000,0.9827,0.9849,50738.0
Binance,USDPUSDT,1678640400000,0.9805,0.9848,81963.0
Binance,USDPUSDT,1678644000000,0.9821,0.9821,129796.0
Binance,USDPUSDT,1678647600000,0.9805,0.9806,333463.0
Binance,USDPUSDT,1678651200000,0.979,0.9819,314313.0
Binance,USDPUSDT,1678654800000,0.9798,0.9829,344513.0
Binance,USDPUSDT,1678658400000,0.9791,0.9835,57922.0
Binance,USDPUSDT,1678662000000,0.9802,0.9841,2892921.0
Binance,USDPUSDT,1678665600000,0.9842,0.99,1612247.0
Binance,USDPUSDT,1678669200000,0.9855,0.989,1187990.0
Binance,USDPUSDT,1678672800000,0.9861,0.9882,879830.0
Binance,USDPUSDT,1678676400000,0.9876,0.9907,2104634.0
Binance,USDPUSDT,1678680000000,0.9876,0.9884,3006851.0
Binance,USDPUSDT,1678683600000,0.9846,0.986,628124.0
Binance,USDPUSDT,1678687200000,0.986,0.9869,508668.0
Binance,USDPUSDT,1678690800000,0.9852,0.9892,361299.0
Binance,USDPUSDT,1678694400000,0.9879,0.988,1066902.0
Binance,USDPUSDT,1678698000000,0.9863,0.9872,217641.0
Binance,USDPUSDT,1678701600000,0.9852,0.9862,3297872.0
Binance,USDPUSDT,1678705200000,0.9848,0.985,639799.0
Binance,USDPUSDT,1678708800000,0.984,0.9882,848318.0
Binance,USDPUSDT,1678712400000,0.9873,0.993,1135992.0
Binance,USDPUSDT,1678716000000,0.9902,0.9915,787887.0
Binance,USDPUSDT,1678719600000,0.9873,0.988,329257.0
Binance,USDPUSDT,1678723200000,0.988,0.9909,252819.0
Binance,USDPUSDT,1678726800000,0.9882,0.995,1799492.0
Binance,USDPUSDT,1678730400000,0.995,0.996,426410.0
Binance,USDPUSDT,1678734000000,0.995,0.995,6598.0
Binance,USDPUSDT,1678737600000,0.995,0.995,177862.0
Binance,USDPUSDT,1678741200000,0.995,0.995,431388.0
Binance,USDPUSDT,1678744800000,0.9951,0.9953,21660.0
Binance,USDPUSDT,1678748400000,0.996,0.996,406777.0
Binance,USDPUSDT,1678752000000,0.9954,0.9954,1587125.0
Binance,USDPUSDT,1678755600000,0.995,0.996,102073.0
Binance,USDPUSDT,1678759200000,0.9944,0.996,63434.0
Binance,USDPUSDT,1678762800000,0.9944,0.9944,828274.0
Binance,USDPUSDT,1678766400000,0.9944,0.9947,770492.0
Binance,USDPUSDT,1678770000000,0.9946,0.9952,107439.0
Binance,USDPUSDT,1678773600000,0.9948,0.9948,176320.0
Binance,USDPUSDT,1678777200000,0.9948,0.9948,15067.0
Binance,USDPUSDT,1678780800000,0.9935,0.9949,515209.0
Binance,USDPUSDT,1678784400000,0.9936,0.9962,2307870.0
Binance,USDPUSDT,1678788000000,0.9954,0.9968,26809.0
Binance,USDPUSDT,1678791600000,0.995,0.9963,638312.0
Binance,USDPUSDT,1678795200000,0.995,0.995,263429.0
Binance,USDPUSDT,1678798800000,0.994,0.995,783098.0
Binance,USDPUSDT,1678802400000,0.995,0.9952,425170.0
Binance,USDPUSDT,1678806000000,0.996,0.9966,1025345.0
Binance,USDPUSDT,1678809600000,0.9953,0.9966,2093103.0
Binance,USDPUSDT,1678813200000,0.9966,0.997,6433505.0
Binance,USDPUSDT,1678816800000,0.9969,0.997,1207876.0
Binance,USDPUSDT,1678820400000,0.9907,0.9952,528577.0
Binance,USDPUSDT,1678824000000,0.9956,0.9956,132.0
Binance,USDPUSDT,1678827600000,0.9955,0.9955,55651.0
Binance,USDPUSDT,1678831200000,0.9955,0.997,145549.0
Binance,USDPUSDT,1678834800000,0.9961,0.9961,53097.0
Binance,USDPUSDT,1678838400000,0.9962,0.9962,457.0
Binance,USDPUSDT,1678842000000,0.996,0.996,124133.0
Binance,USDPUSDT,1678845600000,0.996,0.9961,493857.0
Binance,USDPUSDT,1678849200000,0.996,0.996,621049.0
Binance,USDPUSDT,1678852800000,0.9955,0.9955,151742.0
Binance,USDPUSDT,1678856400000,0.9949,0.9959,618955.0
Binance,USDPUSDT,1678860000000,0.9949,0.995,91276.0
Binance,USDPUSDT,1678863600000,0.9952,0.9963,49037.0
Binance,USDPUSDT,1678867200000,0.9952,0.9952,855023.0
Binance,USDPUSDT,1678870800000,0.9944,0.9944,204932.0
Binance,USDPUSDT,1678874400000,0.9944,0.9948,2867.0
Binance,USDPUSDT,1678878000000,0.9948,0.9948,5536.0
Binance,USDPUSDT,1678881600000,0.9948,0.9954,25145.0
Binance,USDPUSDT,1678885200000,0.9952,0.9958,1331521.0
Binance,USDPUSDT,1678888800000,0.9957,0.9971,6016357.0
Binance,USDPUSDT,1678892400000,0.9966,0.998,9883930.0
Binance,USDPUSDT,1678896000000,0.998,0.9988,1636106.0
Binance,USDPUSDT,1678899600000,0.9983,0.9989,18691.0
Binance,USDPUSDT,1678903200000,0.9975,0.9993,68420.0
Binance,USDPUSDT,1678906800000,0.9983,0.9984,116513.0
Binance,USDPUSDT,1678910400000,0.9975,0.9982,72861.0
Binance,USDPUSDT,1678914000000,0.9975,0.9976,35739.0
Binance,USDPUSDT,1678917600000,0.9974,0.9975,148930.0
Binance,USDPUSDT,1678921200000,0.9974,0.9975,179568.0
Binance,USDPUSDT,1678924800000,0.9954,0.9971,93595.0
Binance,USDPUSDT,1678928400000,0.9966,0.9966,402806.0
Binance,USDPUSDT,1678932000000,0.9967,0.997,9988.0
Binance,USDPUSDT,1678935600000,0.9967,0.9967,3753.0
Binance,USDPUSDT,1678939200000,0.9967,0.9967,56651.0
Binance,USDPUSDT,1678942800000,0.9966,0.997,57595.0
Binance,USDPUSDT,1678946400000,0.997,0.9971,19928.0
Binance,USDPUSDT,1678950000000,0.9969,0.9971,9049.0
Binance,USDPUSDT,1678953600000,0.9969,0.9971,477771.0
Binance,USDPUSDT,1678957200000,0.9971,0.9978,1825.0
Binance,USDPUSDT,1678960800000,0.9971,0.9977,2704.0
Binance,USDPUSDT,1678964400000,0.9969,0.9971,168243.0
Binance,USDPUSDT,1678968000000,0.9969,0.9969,910830.0
Binance,USDPUSDT,1678971600000,0.9969,0.9977,426010.0
Binance,USDPUSDT,1678975200000,0.9973,0.9975,1814326.0
Binance,USDPUSDT,1678978800000,0.9974,0.998,611464.0
Binance,USDPUSDT,1678982400000,0.9977,0.998,198187.0
Binance,USDPUSDT,1678986000000,0.998,0.9987,293700.0
Binance,USDPUSDT,1678989600000,0.9977,0.9982,119338.0
Binance,USDPUSDT,1678993200000,0.997,0.997,25521.0
Binance,USDPUSDT,1678996800000,0.998,0.9986,330024.0
Binance,USDPUSDT,1679000400000,0.9976,0.9976,741.0
Binance,USDPUSDT,1679004000000,0.9976,0.9976,38.0
Binance,USDPUSDT,1679007600000,0.9976,0.9976,0.0
Binance,USDPUSDT,1679011200000,0.9976,0.9976,0.0
Binance,BUSDUSDT,1678233600000,1.0,1.0,22467162.0
Binance,BUSDUSDT,1678237200000,1.0,1.0001,14938092.0
Binance,BUSDUSDT,1678240800000,1.0,1.0001,47013274.0
Binance,BUSDUSDT,1678244400000,1.0,1.0001,8296545.0
Binance,BUSDUSDT,1678248000000,1.0,1.0,13228152.0
Binance,BUSDUSDT,1678251600000,1.0,1.0001,46158003.0
Binance,BUSDUSDT,1678255200000,1.0,1.0001,18863465.0
Binance,BUSDUSDT,1678258800000,1.0,1.0,9906921.0
Binance,BUSDUSDT,1678262400000,1.0,1.0,16058269.0
Binance,BUSDUSDT,1678266000000,1.0,1.0001,13537260.0
Binance,BUSDUSDT,1678269600000,1.0,1.0001,13803671.0
Binance,BUSDUSDT,1678273200000,1.0,1.0,19337684.0
Binance,BUSDUSDT,1678276800000,1.0,1.0,39882550.0
Binance,BUSDUSDT,1678280400000,1.0,1.0,30769172.0
Binance,BUSDUSDT,1678284000000,1.0,1.0,14389313.0
Binance,BUSDUSDT,1678287600000,1.0,1.0,18757164.0
Binance,BUSDUSDT,1678291200000,1.0,1.0,12281508.0
Binance,BUSDUSDT,1678294800000,1.0,1.0,10931866.0
Binance,BUSDUSDT,1678298400000,1.0,1.0001,10275124.0
Binance,BUSDUSDT,1678302000000,1.0,1.0,9575248.0
Binance,BUSDUSDT,1678305600000,1.0,1.0001,8080235.0
Binance,BUSDUSDT,1678309200000,1.0,1.0,13673233.0
Binance,BUSDUSDT,1678312800000,1.0,1.0001,25841684.0
Binance,BUSDUSDT,1678316400000,1.0,1.0,16855868.0
Binance,BUSDUSDT,1678320000000,1.0,1.0,18211013.0
Binance,BUSDUSDT,1678323600000,1.0,1.0,12278425.0
Binance,BUSDUSDT,1678327200000,1.0,1.0,12835058.0
Binance,BUSDUSDT,1678330800000,1.0,1.0,17152142.0
Binance,BUSDUSDT,1678334400000,1.0,1.0,17162817.0
Binance,BUSDUSDT,1678338000000,1.0,1.0001,17406995.0
Binance,BUSDUSDT,1678341600000,1.0,1.0,15062438.0
Binance,BUSDUSDT,1678345200000,1.0,1.0,14885981.0
Binance,BUSDUSDT,1678348800000,1.0,1.0001,33907466.0
Binance,BUSDUSDT,1678352400000,1.0001,1.0001,19314216.0
Binance,BUSDUSDT,1678356000000,1.0001,1.0002,17552508.0
Binance,BUSDUSDT,1678359600000,1.0001,1.0001,33052586.0
Binance,BUSDUSDT,1678363200000,1.0001,1.0001,15939544.0
Binance,BUSDUSDT,1678366800000,1.0001,1.0002,54108180.0
Binance,BUSDUSDT,1678370400000,1.0001,1.0001,42420051.0
Binance,BUSDUSDT,1678374000000,1.0001,1.0001,20030439.0
Binance,BUSDUSDT,1678377600000,1.0001,1.0001,13543580.0
Binance,BUSDUSDT,1678381200000,1.0001,1.0001,15542351.0
Binance,BUSDUSDT,1678384800000,1.0001,1.0002,44920314.0
Binance,BUSDUSDT,1678388400000,1.0002,1.0002,21377493.0
Binance,BUSDUSDT,1678392000000,1.0001,1.0002,34393951.0
Binance,BUSDUSDT,1678395600000,1.0,1.0,49996170.0
Binance,BUSDUSDT,1678399200000,1.0,1.0,26458662.0
Binance,BUSDUSDT,1678402800000,1.0,1.0,13134983.0
Binance,BUSDUSDT,1678406400000,1.0,1.0002,112371737.0
Binance,BUSDUSDT,1678410000000,1.0001,1.0001,42906239.0
Binance,BUSDUSDT,1678413600000,1.0001,1.0001,19665664.0
Binance,BUSDUSDT,1678417200000,1.0,1.0,18371700.0
Binance,BUSDUSDT,1678420800000,1.0,1.0,11624708.0
Binance,BUSDUSDT,1678424400000,1.0,1.0,23173488.0
Binance,BUSDUSDT,1678428000000,1.0,1.0,15809081.0
Binance,BUSDUSDT,1678431600000,1.0,1.0,28539758.0
Binance,BUSDUSDT,1678435200000,1.0,1.0,16039638.0
Binance,BUSDUSDT,1678438800000,1.0,1.0,28525822.0
Binance,BUSDUSDT,1678442400000,1.0,1.0,31459769.0
Binance,BUSDUSDT,1678446000000,1.0,1.0001,30404383.0
Binance,BUSDUSDT,1678449600000,1.0,1.0,23025858.0
Binance,BUSDUSDT,1678453200000,1.0,1.0,27315199.0
Binance,BUSDUSDT,1678456800000,1.0,1.0001,29260470.0
Binance,BUSDUSDT,1678460400000,1.0,1.0,23094784.0
Binance,BUSDUSDT,1678464000000,1.0,1.0,27893190.0
Binance,BUSDUSDT,1678467600000,0.9999,1.0,48555053.0
Binance,BUSDUSDT,1678471200000,0.9999,0.9999,69201626.0
Binance,BUSDUSDT,1678474800000,0.9998,0.9999,232951613.0
Binance,BUSDUSDT,1678478400000,0.9997,0.9997,82525169.0
Binance,BUSDUSDT,1678482000000,0.9981,0.9986,185817333.0
Binance,BUSDUSDT,1678485600000,0.9953,0.9968,159092915.0
Binance,BUSDUSDT,1678489200000,0.9959,0.997,100225532.0
Binance,BUSDUSDT,1678492800000,0.993,0.9934,164245517.0
Binance,BUSDUSDT,1678496400000,0.9873,0.9915,133757009.0
Binance,BUSDUSDT,1678500000000,0.9902,0.9943,116204225.0
Binance,BUSDUSDT,1678503600000,0.9922,0.9933,79951575.0
Binance,BUSDUSDT,1678507200000,0.9929,0.9966,45913352.0
Binance,BUSDUSDT,1678510800000,0.9953,0.9959,41540051.0
Binance,BUSDUSDT,1678514400000,0.9941,0.9945,58753052.0
Binance,BUSDUSDT,1678518000000,0.9915,0.993,56801604.0
Binance,BUSDUSDT,1678521600000,0.9921,0.9948,56734515.0
Binance,BUSDUSDT,1678525200000,0.9934,0.9946,39361943.0
Binance,BUSDUSDT,1678528800000,0.9938,0.9938,31190899.0
Binance,BUSDUSDT,1678532400000,0.9933,0.9943,32363832.0
Binance,BUSDUSDT,1678536000000,0.9938,0.994,20936856.0
Binance,BUSDUSDT,1678539600000,0.9934,0.9934,24294265.0
Binance,BUSDUSDT,1678543200000,0.9926,0.9929,38156684.0
Binance,BUSDUSDT,1678546800000,0.9908,0.9917,35178639.0
Binance,BUSDUSDT,1678550400000,0.9897,0.9903,35119761.0
Binance,BUSDUSDT,1678554000000,0.9895,0.9911,33345800.0
Binance,BUSDUSDT,1678557600000,0.991,0.9922,22802641.0
Binance,BUSDUSDT,1678561200000,0.9912,0.9921,23330341.0
Binance,BUSDUSDT,1678564800000,0.9917,0.9945,43136856.0
Binance,BUSDUSDT,1678568400000,0.9936,0.9941,23858344.0
Binance,BUSDUSDT,1678572000000,0.9899,0.9929,21363747.0
Binance,BUSDUSDT,1678575600000,0.9925,0.9929,19418038.0
Binance,BUSDUSDT,1678579200000,0.9925,0.9925,16620319.0
Binance,BUSDUSDT,1678582800000,0.9919,0.9941,21084272.0
Binance,BUSDUSDT,1678586400000,0.9938,0.9944,14274116.0
Binance,BUSDUSDT,1678590000000,0.9944,0.9949,19560310.0
Binance,BUSDUSDT,1678593600000,0.9944,0.995,18236954.0
Binance,BUSDUSDT,1678597200000,0.9946,0.9955,12253577.0
Binance,BUSDUSDT,1678600800000,0.9943,0.9945,12916797.0
Binance,BUSDUSDT,1678604400000,0.993,0.9936,19750974.0
Binance,BUSDUSDT,1678608000000,0.9932,0.994,17055283.0
Binance,BUSDUSDT,1678611600000,0.9938,0.9944,14773106.0
Binance,BUSDUSDT,1678615200000,0.9943,0.9949,11714555.0
Binance,BUSDUSDT,1678618800000,0.9948,0.995,14860690.0
Binance,BUSDUSDT,1678622400000,0.9945,0.9947,14295426.0
Binance,BUSDUSDT,1678626000000,0.9943,0.9946,17738825.0
Binance,BUSDUSDT,1678629600000,0.9935,0.9937,24826542.0
Binance,BUSDUSDT,1678633200000,0.9934,0.9938,17903143.0
Binance,BUSDUSDT,1678636800000,0.9933,0.9945,27740463.0
Binance,BUSDUSDT,1678640400000,0.9944,0.9951,31799746.0
Binance,BUSDUSDT,1678644000000,0.9944,0.9946,29843938.0
Binance,BUSDUSDT,1678647600000,0.9936,0.994,23538677.0
Binance,BUSDUSDT,1678651200000,0.9936,0.9949,18712633.0
Binance,BUSDUSDT,1678654800000,0.9934,0.995,20974080.0
Binance,BUSDUSDT,1678658400000,0.9939,0.9962,37973289.0
Binance,BUSDUSDT,1678662000000,0.9956,0.9962,42708800.0
Binance,BUSDUSDT,1678665600000,0.9946,0.995,48227223.0
Binance,BUSDUSDT,1678669200000,0.9928,0.9929,51618957.0
Binance,BUSDUSDT,1678672800000,0.9928,0.9948,34206937.0
Binance,BUSDUSDT,1678676400000,0.994,0.9955,31115358.0
Binance,BUSDUSDT,1678680000000,0.9953,0.9962,39877250.0
Binance,BUSDUSDT,1678683600000,0.996,0.9969,18804871.0
Binance,BUSDUSDT,1678687200000,0.9969,0.9973,31259224.0
Binance,BUSDUSDT,1678690800000,0.9964,0.9969,23647107.0
Binance,BUSDUSDT,1678694400000,0.9961,0.9963,30825948.0
Binance,BUSDUSDT,1678698000000,0.9962,0.9972,33377549.0
Binance,BUSDUSDT,1678701600000,0.9967,0.9968,17835127.0
Binance,BUSDUSDT,1678705200000,0.9962,0.9968,22111105.0
Binance,BUSDUSDT,1678708800000,0.9967,0.9974,24393121.0
Binance,BUSDUSDT,1678712400000,0.9968,0.9969,38410309.0
Binance,BUSDUSDT,1678716000000,0.996,0.9963,54641705.0
Binance,BUSDUSDT,1678719600000,0.9954,0.996,61864078.0
Binance,BUSDUSDT,1678723200000,0.9957,0.9964,48642165.0
Binance,BUSDUSDT,1678726800000,0.9963,0.9971,39095760.0
Binance,BUSDUSDT,1678730400000,0.9965,0.9971,27891012.0
Binance,BUSDUSDT,1678734000000,0.9966,0.9971,20517609.0
Binance,BUSDUSDT,1678737600000,0.9953,0.9956,31138341.0
Binance,BUSDUSDT,1678741200000,0.9954,0.996,22508349.0
Binance,BUSDUSDT,1678744800000,0.9959,0.9965,18079029.0
Binance,BUSDUSDT,1678748400000,0.9964,0.9969,23588003.0
Binance,BUSDUSDT,1678752000000,0.9967,0.9971,21532789.0
Binance,BUSDUSDT,1678755600000,0.997,0.9971,20767627.0
Binance,BUSDUSDT,1678759200000,0.9966,0.997,21404154.0
Binance,BUSDUSDT,1678762800000,0.9966,0.997,16553656.0
Binance,BUSDUSDT,1678766400000,0.9968,0.9968,12255990.0
Binance,BUSDUSDT,1678770000000,0.996,0.996,35831958.0
Binance,BUSDUSDT,1678773600000,0.9958,0.9961,19305577.0
Binance,BUSDUSDT,1678777200000,0.9959,0.9959,21932983.0
Binance,BUSDUSDT,1678780800000,0.9959,0.996,34265390.0
Binance,BUSDUSDT,1678784400000,0.9956,0.996,46023948.0
Binance,BUSDUSDT,1678788000000,0.9952,0.9964,27817687.0
Binance,BUSDUSDT,1678791600000,0.996,0.9962,23400218.0
Binance,BUSDUSDT,1678795200000,0.9961,0.9963,66204223.0
Binance,BUSDUSDT,1678798800000,0.9954,0.9959,74747584.0
Binance,BUSDUSDT,1678802400000,0.9957,0.9963,46814716.0
Binance,BUSDUSDT,1678806000000,0.9963,0.9966,74186684.0
Binance,BUSDUSDT,1678809600000,0.9964,0.9966,37446925.0
Binance,BUSDUSDT,1678813200000,0.9964,0.9969,31122055.0
Binance,BUSDUSDT,1678816800000,0.9967,0.9967,39285653.0
Binance,BUSDUSDT,1678820400000,0.9967,0.9968,46704142.0
Binance,BUSDUSDT,1678824000000,0.9966,0.9967,28437252.0
Binance,BUSDUSDT,1678827600000,0.9961,0.9963,32141640.0
Binance,BUSDUSDT,1678831200000,0.9958,0.9959,16829564.0
Binance,BUSDUSDT,1678834800000,0.9958,0.9965,25906114.0
Binance,BUSDUSDT,1678838400000,0.9963,0.9965,17618064.0
Binance,BUSDUSDT,1678842000000,0.9964,0.9966,22247437.0
Binance,BUSDUSDT,1678845600000,0.9964,0.9965,30282186.0
Binance,BUSDUSDT,1678849200000,0.9963,0.9963,21200015.0
Binance,BUSDUSDT,1678852800000,0.9957,0.9959,13714502.0
Binance,BUSDUSDT,1678856400000,0.9953,0.9955,24908660.0
Binance,BUSDUSDT,1678860000000,0.9953,0.9958,22771788.0
Binance,BUSDUSDT,1678863600000,0.9956,0.9958,28663776.0
Binance,BUSDUSDT,1678867200000,0.9951,0.9953,30151109.0
Binance,BUSDUSDT,1678870800000,0.9945,0.9948,31857736.0
Binance,BUSDUSDT,1678874400000,0.9947,0.9952,23154507.0
Binance,BUSDUSDT,1678878000000,0.9948,0.9956,34364665.0
Binance,BUSDUSDT,1678881600000,0.9949,0.9954,32458273.0
Binance,BUSDUSDT,1678885200000,0.995,0.9957,61004629.0
Binance,BUSDUSDT,1678888800000,0.9955,0.9965,76497784.0
Binance,BUSDUSDT,1678892400000,0.9963,0.9972,73492432.0
Binance,BUSDUSDT,1678896000000,0.997,0.9976,112701902.0
Binance,BUSDUSDT,1678899600000,0.9975,0.9976,27489515.0
Binance,BUSDUSDT,1678903200000,0.9976,0.9977,28830604.0
Binance,BUSDUSDT,1678906800000,0.9967,0.997,52404415.0
Binance,BUSDUSDT,1678910400000,0.9962,0.9967,53087357.0
Binance,BUSDUSDT,1678914000000,0.9962,0.9965,12190738.0
Binance,BUSDUSDT,1678917600000,0.996,0.9963,15476302.0
Binance,BUSDUSDT,1678921200000,0.9961,0.9964,7847767.0
Binance,BUSDUSDT,1678924800000,0.9964,0.9965,10807660.0
Binance,BUSDUSDT,1678928400000,0.9963,0.9967,12162784.0
Binance,BUSDUSDT,1678932000000,0.9966,0.997,12668816.0
Binance,BUSDUSDT,1678935600000,0.9968,0.9969,12906989.0
Binance,BUSDUSDT,1678939200000,0.9965,0.9965,15745589.0
Binance,BUSDUSDT,1678942800000,0.9965,0.9969,9037629.0
Binance,BUSDUSDT,1678946400000,0.9968,0.9971,16536298.0
Binance,BUSDUSDT,1678950000000,0.9971,0.9973,21782649.0
Binance,BUSDUSDT,1678953600000,0.9965,0.9971,28638950.0
Binance,BUSDUSDT,1678957200000,0.997,0.9971,19359299.0
Binance,BUSDUSDT,1678960800000,0.997,0.9971,16164092.0
Binance,BUSDUSDT,1678964400000,0.9968,0.9971,18804375.0
Binance,BUSDUSDT,1678968000000,0.9968,0.9969,17587007.0
Binance,BUSDUSDT,1678971600000,0.9968,0.9973,27715706.0
Binance,BUSDUSDT,1678975200000,0.9972,0.9976,31975983.0
Binance,BUSDUSDT,1678978800000,0.9973,0.9981,42323604.0
Binance,BUSDUSDT,1678982400000,0.998,0.9983,25423971.0
Binance,BUSDUSDT,1678986000000,0.9983,0.9983,30665806.0
Binance,BUSDUSDT,1678989600000,0.9977,0.9979,24118669.0
Binance,BUSDUSDT,1678993200000,0.9975,0.998,15048242.0
Binance,BUSDUSDT,1678996800000,0.9978,0.9982,21866526.0
Binance,BUSDUSDT,1679000400000,0.9978,0.9982,12901197.0
Binance,BUSDUSDT,1679004000000,0.9976,0.9979,9003183.0
Binance,BUSDUSDT,1679007600000,0.9978,0.9982,13290662.0
Binance,BUSDUSDT,1679011200000,0.9979,0.9981,9036323.0
