open_time,low,high,open,close,volume
1678233600,0.99985,1.00001,1.0,0.99987,3359750.69
1678237200,0.99984,0.99992,0.99987,0.9999,1233767.89
1678240800,0.99954,0.99995,0.99991,0.99987,1492601.7
1678244400,0.9996,0.99992,0.99988,0.99986,1946335.26
1678248000,0.999,1.00001,0.99986,0.99991,2842479.94
1678251600,0.99988,1.00001,0.9999,0.99994,2485405.94
1678255200,0.99988,0.99996,0.99993,0.99988,1780827.62
1678258800,0.99986,1.0,0.99989,0.99997,1967413.67
1678262400,0.99997,0.99998,0.99997,0.99997,1827704.89
1678266000,0.9999,0.99998,0.99997,0.99992,1635809.65
1678269600,0.9999,0.99996,0.99992,0.99992,1755337.06
1678273200,0.99981,0.99992,0.99991,0.99989,1389751.73
1678276800,0.99989,0.99996,0.99989,0.99996,1218860.17
1678280400,0.9998,0.99998,0.99997,0.99996,3103169.65
1678284000,0.99981,0.99997,0.99996,0.99993,3021911.4
1678287600,0.99973,0.99993,0.99993,0.9999,4745529.81
1678291200,0.99978,1.0,0.99991,0.99992,2621870.16
1678294800,0.9998,0.99996,0.99992,0.9999,2458212.08
1678298400,0.9998,0.99995,0.9999,0.99994,4419993.35
1678302000,0.99978,0.99998,0.99994,0.99994,4161012.33
1678305600,0.99982,1.0,0.99993,0.99986,5081179.08
1678309200,0.99959,0.99991,0.99986,0.99987,5119946.27
1678312800,0.99968,1.0,0.99986,1.0,6511088.43
1678316400,0.99978,1.0,1.0,0.99983,6598519.41
1678320000,0.99908,0.99988,0.99982,0.99984,4911277.54
1678323600,0.99978,0.9999,0.99983,0.99989,2687334.79
1678327200,0.99982,0.99992,0.9999,0.99992,2610626.43
1678330800,0.99985,0.99994,0.99991,0.99993,3883203.65
1678334400,0.99983,0.99993,0.99993,0.99991,5614165.28
1678338000,0.99984,0.99992,0.99991,0.9999,4144503.11
1678341600,0.99982,0.99991,0.9999,0.9999,4135036.83
1678345200,0.99981,0.99992,0.9999,0.99982,4969176.29
1678348800,0.99971,0.99993,0.99982,0.99981,6670612.34
1678352400,0.9997,0.99985,0.99981,0.99982,3941484.57
1678356000,0.99967,0.99982,0.99981,0.99979,5268875.01
1678359600,0.99937,0.99982,0.99979,0.99967,6432297.69
1678363200,0.99967,0.99971,0.99968,0.99971,6147720.55
1678366800,0.99925,0.99975,0.9997,0.99958,8112602.33
1678370400,0.99958,1.0,0.99958,0.99984,8636407.4
1678374000,0.99963,0.99985,0.99984,0.99974,6125025.58
1678377600,0.9997,0.99991,0.99974,0.99975,8207644.12
1678381200,0.99968,0.99985,0.99975,0.99971,6555383.9
1678384800,0.99968,1.0,0.99972,0.99969,12103696.83
1678388400,0.99966,0.9998,0.99969,0.99979,9120516.7
1678392000,0.99971,1.00001,0.99979,0.99998,16733263.93
1678395600,0.99988,1.00128,0.99999,1.0,18653529.1
1678399200,0.9999,1.00038,0.99999,1.00015,9588640.22
1678402800,0.99988,1.00016,1.00015,1.00001,9100503.24
1678406400,0.99993,1.00021,1.0,1.00021,6049121.37
1678410000,0.9999,1.00044,1.0002,0.99996,3348172.14
1678413600,0.99992,1.00002,0.99995,0.99999,1397334.27
1678417200,0.99994,1.00007,0.99998,0.99994,1557373.97
1678420800,0.99991,1.00002,0.99995,1.00001,1228920.35
1678424400,0.99985,1.00009,1.00002,1.00003,1871142.55
1678428000,0.99992,1.00003,1.00002,0.99998,2843224.21
1678431600,0.99991,1.00012,0.99998,0.99992,3998169.65
1678435200,0.9999,1.00009,0.99991,0.99993,2658995.64
1678438800,0.99992,0.99993,0.99993,0.99993,1406091.41
1678442400,0.99992,1.0,0.99993,0.99996,3816219.08
1678446000,0.99996,1.0,0.99996,0.99998,2492003.93
1678449600,0.9998,1.0,0.99998,0.99998,3367879.61
1678453200,0.99986,1.00001,0.99997,1.0,8316961.29
1678456800,0.99994,1.00008,1.0,0.99999,6335518.0
1678460400,0.99996,1.00009,0.99999,1.00003,9469488.33
1678464000,1.0,1.00005,1.00003,1.00004,5552582.25
1678467600,0.99999,1.00005,1.00004,0.99999,5733741.94
1678471200,0.99999,1.00001,0.99999,1.0,6825772.52
1678474800,0.99999,1.00024,1.0,1.00019,12949123.23
1678478400,0.99999,1.00052,1.0002,1.00029,26366313.13
1678482000,1.00021,1.00206,1.00029,1.00132,19637310.66
1678485600,1.00131,1.00452,1.00131,1.00357,6566177.21
1678489200,1.00348,1.00554,1.00356,1.00426,7317282.97
1678492800,1.00345,1.0076,1.00426,1.00688,13607230.94
1678496400,1.00688,1.01911,1.00688,1.01299,25732089.16
1678500000,1.00494,1.02659,1.01299,1.0122,38494388.13
1678503600,1.00327,1.0125,1.0122,1.00794,22712272.1
1678507200,1.00296,1.00858,1.00794,1.00374,10204000.87
1678510800,1.00314,1.0049,1.00374,1.00466,8505204.15
1678514400,1.001,1.00685,1.00466,1.00685,8714718.07
1678518000,1.00482,1.00781,1.00686,1.00599,5121107.94
1678521600,1.00368,1.00671,1.00604,1.00497,2720238.73
1678525200,1.00406,1.00557,1.00497,1.00503,1666638.11
1678528800,1.00362,1.00569,1.005,1.0055,2919349.41
1678532400,1.00459,1.00616,1.0055,1.00542,1580099.77
1678536000,1.00461,1.00649,1.00542,1.0051,1942045.41
1678539600,1.004,1.00632,1.00504,1.00579,1674592.39
1678543200,1.00101,1.00701,1.00588,1.00681,2860106.25
1678546800,1.0064,1.00913,1.00682,1.00861,4179819.1
1678550400,1.00793,1.01149,1.00861,1.0107,4501105.68
1678554000,1.0088,1.01149,1.01071,1.01001,4007964.61
1678557600,1.01,1.01258,1.01,1.01178,2923216.53
1678561200,1.005,1.01241,1.01179,1.01135,11528819.56
1678564800,1.005,1.01135,1.01135,1.00928,3910020.86
1678568400,1.0068,1.00929,1.00928,1.00739,2591871.56
1678572000,1.005,1.0089,1.00739,1.00773,5537308.34
1678575600,1.00743,1.0082,1.00773,1.00769,2728981.26
1678579200,1.00699,1.00814,1.00769,1.00813,4896252.11
1678582800,1.00813,1.00841,1.00813,1.0084,1640324.32
1678586400,1.007,1.00919,1.0084,1.00912,2553122.3
1678590000,1.00911,1.01,1.00912,1.00998,1578473.37
1678593600,1.00992,1.0102,1.00999,1.01019,2413966.08
1678597200,1.01019,1.0137,1.0102,1.01201,2175837.25
1678600800,1.01065,1.01302,1.01201,1.01071,1333509.87
1678604400,1.00518,1.01073,1.01073,1.00887,5273181.66
1678608000,1.00507,1.00901,1.00887,1.00854,2431443.98
1678611600,1.00605,1.0087,1.00857,1.00751,3429151.6
1678615200,1.00502,1.00751,1.0075,1.00728,2623999.17
1678618800,1.00603,1.00738,1.00729,1.00686,2323359.34
1678622400,1.00664,1.00802,1.00685,1.00784,1486363.3
1678626000,1.00739,1.00938,1.00784,1.0091,1516649.65
1678629600,1.00887,1.01183,1.009,1.01156,1305120.75
1678633200,1.01118,1.01252,1.01156,1.01177,1944302.83
1678636800,1.00836,1.01239,1.0117,1.01129,2033383.53
1678640400,1.00802,1.01132,1.01129,1.01131,3140300.7
1678644000,1.01104,1.0163,1.0113,1.01497,7584723.42
1678647600,1.01379,1.01685,1.01498,1.01434,3221184.33
1678651200,1.01167,1.01594,1.01433,1.0118,6741675.27
1678654800,1.00947,1.01285,1.01186,1.01022,1960524.92
1678658400,1.005,1.01233,1.01022,1.00822,14480379.07
1678662000,1.00609,1.01039,1.00817,1.00782,9331977.8
1678665600,1.00768,1.012,1.00776,1.00885,10667102.84
1678669200,1.0072,1.00957,1.00884,1.00773,6589682.36
1678672800,1.005,1.00896,1.00758,1.00569,5156069.6
1678676400,1.00404,1.00593,1.00568,1.00428,3695703.31
1678680000,1.00398,1.00605,1.00429,1.00585,2820572.01
1678683600,1.00378,1.00607,1.00586,1.00441,2356481.72
1678687200,1.00389,1.00594,1.00441,1.00471,2875603.92
1678690800,1.00441,1.00692,1.00451,1.00449,3298884.76
1678694400,1.002,1.00477,1.00448,1.00298,3507077.48
1678698000,1.00268,1.00575,1.00298,1.00475,5426504.03
1678701600,1.00374,1.00497,1.00461,1.00378,1677318.92
1678705200,1.00222,1.00381,1.00377,1.00235,1583565.44
1678708800,1.00143,1.00255,1.00236,1.0017,2507094.95
1678712400,1.00124,1.00588,1.0017,1.00428,10047497.65
1678716000,1.004,1.00996,1.00429,1.0079,11369888.32
1678719600,1.0051,1.008,1.0079,1.00519,16665421.05
1678723200,1.00418,1.00704,1.00519,1.00501,7191039.55
1678726800,1.00335,1.00602,1.00501,1.00432,6223215.4
1678730400,1.0008,1.0049,1.0043,1.00411,8381623.69
1678734000,1.00186,1.0044,1.00411,1.00435,9317065.42
1678737600,1.0025,1.00545,1.00435,1.00473,5498820.18
1678741200,1.00406,1.005,1.00472,1.0048,10729590.43
1678744800,1.002,1.0048,1.0048,1.00399,20182342.05
1678748400,1.00378,1.00554,1.00399,1.00449,6367692.91
1678752000,1.00401,1.00519,1.00449,1.00501,2826813.51
1678755600,1.0042,1.00562,1.00501,1.00421,2930026.97
1678759200,1.0042,1.00494,1.00421,1.00463,4982268.59
1678762800,1.00458,1.0052,1.00462,1.0052,3867336.16
1678766400,1.00494,1.0055,1.0052,1.0055,3586308.62
1678770000,1.00466,1.0055,1.0055,1.0053,4668898.82
1678773600,1.00528,1.00566,1.0053,1.0056,4151055.45
1678777200,1.00559,1.0062,1.0056,1.00619,6032040.07
1678780800,1.00453,1.00627,1.00619,1.00579,5991120.82
1678784400,1.00456,1.0059,1.00579,1.00539,10707575.1
1678788000,1.005,1.0056,1.0054,1.00528,4522757.84
1678791600,1.00488,1.00581,1.00528,1.00491,3804817.03
1678795200,1.00249,1.00697,1.00492,1.00667,12011228.36
1678798800,1.00441,1.00716,1.00666,1.00468,8098496.36
1678802400,1.00386,1.00582,1.00468,1.00451,24800867.77
1678806000,1.003,1.00616,1.00451,1.00429,23025746.35
1678809600,1.0041,1.00542,1.00429,1.00414,9989005.91
1678813200,1.0032,1.00415,1.00414,1.00328,13740154.8
1678816800,1.0024,1.00394,1.00328,1.00355,23349491.34
1678820400,1.00306,1.01,1.00347,1.00342,33151967.99
1678824000,1.00322,1.00533,1.00342,1.0035,32717739.76
1678827600,1.00331,1.005,1.00349,1.00419,16408634.66
1678831200,1.00348,1.00448,1.00417,1.00417,14641468.48
1678834800,1.00355,1.00428,1.00414,1.00367,8994954.03
1678838400,1.00366,1.00367,1.00367,1.00366,3198755.66
1678842000,1.00328,1.0038,1.00366,1.0038,4999124.65
1678845600,1.00349,1.0041,1.0038,1.00409,9441900.74
1678849200,1.00409,1.00505,1.0041,1.00481,5195182.91
1678852800,1.00377,1.00642,1.0048,1.00522,8750059.09
1678856400,1.00456,1.00619,1.0052,1.00504,7843863.9
1678860000,1.00448,1.00537,1.00504,1.00524,6262482.32
1678863600,1.00457,1.00525,1.00524,1.00477,4996351.93
1678867200,1.00476,1.00524,1.00477,1.00514,4366913.15
1678870800,1.00485,1.00542,1.00515,1.00541,3277149.62
1678874400,1.00428,1.00551,1.00541,1.00467,7323348.53
1678878000,1.00345,1.00598,1.00467,1.0049,14491775.54
1678881600,1.0047,1.00686,1.00489,1.00522,4443067.76
1678885200,1.00301,1.00531,1.00522,1.004,9216626.79
1678888800,1.00317,1.004,1.004,1.00319,23969481.8
1678892400,1.00246,1.00321,1.00319,1.00249,61773250.56
1678896000,1.0021,1.00298,1.00249,1.00249,15221271.31
1678899600,1.00219,1.0026,1.00249,1.00256,8292368.71
1678903200,1.00256,1.00294,1.00257,1.00266,5908398.52
1678906800,1.00259,1.003,1.00265,1.00296,9596341.31
1678910400,1.00295,1.00374,1.00295,1.00359,6693280.51
1678914000,1.0035,1.004,1.0036,1.00398,4718479.44
1678917600,1.00389,1.00444,1.00397,1.00419,3236878.31
1678921200,1.00392,1.00419,1.00418,1.00404,2430929.88
1678924800,1.00339,1.0042,1.00404,1.00355,2362157.62
1678928400,1.00336,1.00382,1.00355,1.00381,2168124.25
1678932000,1.00323,1.00386,1.0038,1.00347,1720618.31
1678935600,1.00324,1.0035,1.00348,1.00347,2128446.7
1678939200,1.00345,1.0035,1.00347,1.00349,2609491.03
1678942800,1.00327,1.00359,1.0035,1.0035,2400307.94
1678946400,1.00325,1.00357,1.0035,1.00326,2291720.43
1678950000,1.00297,1.00326,1.00325,1.003,4774406.06
1678953600,1.00295,1.00313,1.003,1.00309,7693151.48
1678957200,1.00301,1.00312,1.00309,1.00309,2915233.45
1678960800,1.00299,1.00327,1.00309,1.00325,7700468.74
1678964400,1.00285,1.00326,1.00325,1.00304,2688182.28
1678968000,1.003,1.00328,1.00303,1.00309,3115727.18
1678971600,1.00284,1.00326,1.00308,1.00303,4650859.81
1678975200,1.00242,1.00316,1.00302,1.00253,16616898.39
1678978800,1.00197,1.0026,1.00254,1.00199,17351790.41
1678982400,1.0013,1.002,1.00199,1.0015,18491712.33
1678986000,1.00107,1.00232,1.0015,1.00201,26675141.57
1678989600,1.00201,1.00247,1.00202,1.00203,2985429.28
1678993200,1.00202,1.0034,1.00203,1.00289,4335466.26
1678996800,1.00149,1.0029,1.00289,1.00199,7755664.74
1679000400,1.00189,1.00271,1.00199,1.00215,4866131.07
1679004000,1.00215,1.0028,1.00216,1.00246,5919709.69
1679007600,1.00201,1.0026,1.00247,1.00211,6938615.56
1679011200,1.00207,1.0022,1.00212,1.00219,6604324.84
