hour_utc,block_number,block_timestamp_utc
2023-03-08T00:00:00Z,16779843,2023-03-07T23:59:59Z
2023-03-08T01:00:00Z,16780136,2023-03-08T00:59:59Z
2023-03-08T02:00:00Z,16780435,2023-03-08T01:59:59Z
2023-03-08T03:00:00Z,16780732,2023-03-08T02:59:59Z
2023-03-08T04:00:00Z,16781024,2023-03-08T03:59:59Z
2023-03-08T05:00:00Z,16781320,2023-03-08T04:59:59Z
2023-03-08T06:00:00Z,16781617,2023-03-08T05:59:59Z
2023-03-08T07:00:00Z,16781915,2023-03-08T06:59:59Z
2023-03-08T08:00:00Z,16782212,2023-03-08T07:59:59Z
2023-03-08T09:00:00Z,16782508,2023-03-08T08:59:59Z
2023-03-08T10:00:00Z,16782807,2023-03-08T09:59:59Z
2023-03-08T11:00:00Z,16783104,2023-03-08T10:59:59Z
2023-03-08T12:00:00Z,16783395,2023-03-08T11:59:59Z
2023-03-08T13:00:00Z,16783694,2023-03-08T12:59:59Z
2023-03-08T14:00:00Z,16783991,2023-03-08T13:59:59Z
2023-03-08T15:00:00Z,16784287,2023-03-08T14:59:59Z
2023-03-08T16:00:00Z,16784586,2023-03-08T15:59:59Z
2023-03-08T17:00:00Z,16784879,2023-03-08T16:59:59Z
2023-03-08T18:00:00Z,16785176,2023-03-08T17:59:59Z
2023-03-08T19:00:00Z,16785469,2023-03-08T18:59:59Z
2023-03-08T20:00:00Z,16785766,2023-03-08T19:59:59Z
2023-03-08T21:00:00Z,16786062,2023-03-08T20:59:59Z
2023-03-08T22:00:00Z,16786361,2023-03-08T21:59:59Z
2023-03-08T23:00:00Z,16786653,2023-03-08T22:59:59Z
2023-03-09T00:00:00Z,16786948,2023-03-08T23:59:59Z
2023-03-09T01:00:00Z,16787245,2023-03-09T00:59:59Z
2023-03-09T02:00:00Z,16787545,2023-03-09T01:59:59Z
2023-03-09T03:00:00Z,16787837,2023-03-09T02:59:59Z
2023-03-09T04:00:00Z,16788131,2023-03-09T03:59:59Z
2023-03-09T05:00:00Z,16788428,2023-03-09T04:59:59Z
2023-03-09T06:00:00Z,16788725,2023-03-09T05:59:59Z
2023-03-09T07:00:00Z,16789023,2023-03-09T06:59:59Z
2023-03-09T08:00:00Z,16789320,2023-03-09T07:59:59Z
2023-03-09T09:00:00Z,16789617,2023-03-09T08:59:59Z
2023-03-09T10:00:00Z,16789915,2023-03-09T09:59:59Z
2023-03-09T11:00:00Z,16790214,2023-03-09T10:59:59Z
2023-03-09T12:00:00Z,16790510,2023-03-09T11:59:59Z
2023-03-09T13:00:00Z,16790808,2023-03-09T12:59:59Z
2023-03-09T14:00:00Z,16791100,2023-03-09T13:59:59Z
2023-03-09T15:00:00Z,16791396,2023-03-09T14:59:59Z
2023-03-09T16:00:00Z,16791695,2023-03-09T15:59:59Z
2023-03-09T17:00:00Z,16791995,2023-03-09T16:59:59Z
2023-03-09T18:00:00Z,16792289,2023-03-09T17:59:59Z
2023-03-09T19:00:00Z,16792584,2023-03-09T18:59:59Z
2023-03-09T20:00:00Z,16792880,2023-03-09T19:59:59Z
2023-03-09T21:00:00Z,16793171,2023-03-09T20:59:59Z
2023-03-09T22:00:00Z,16793469,2023-03-09T21:59:59Z
2023-03-09T23:00:00Z,16793767,2023-03-09T22:59:59Z
2023-03-10T00:00:00Z,16794061,2023-03-09T23:59:59Z
2023-03-10T01:00:00Z,16794357,2023-03-10T00:59:59Z
2023-03-10T02:00:00Z,16794649,2023-03-10T01:59:59Z
2023-03-10T03:00:00Z,16794943,2023-03-10T02:59:59Z
2023-03-10T04:00:00Z,16795238,2023-03-10T03:59:59Z
2023-03-10T05:00:00Z,16795536,2023-03-10T04:59:59Z
2023-03-10T06:00:00Z,16795830,2023-03-10T05:59:59Z
2023-03-10T07:00:00Z,16796124,2023-03-10T06:59:59Z
2023-03-10T08:00:00Z,16796418,2023-03-10T07:59:59Z
2023-03-10T09:00:00Z,16796711,2023-03-10T08:59:59Z
2023-03-10T10:00:00Z,16797003,2023-03-10T09:59:59Z
2023-03-10T11:00:00Z,16797293,2023-03-10T10:59:59Z
2023-03-10T12:00:00Z,16797588,2023-03-10T11:59:59Z
2023-03-10T13:00:00Z,16797884,2023-03-10T12:59:59Z
2023-03-10T14:00:00Z,16798181,2023-03-10T13:59:59Z
2023-03-10T15:00:00Z,16798475,2023-03-10T14:59:59Z
2023-03-10T16:00:00Z,16798773,2023-03-10T15:59:59Z
2023-03-10T17:00:00Z,16799068,2023-03-10T16:59:59Z
2023-03-10T18:00:00Z,16799366,2023-03-10T17:59:59Z
2023-03-10T19:00:00Z,16799658,2023-03-10T18:59:59Z
2023-03-10T20:00:00Z,16799956,2023-03-10T19:59:59Z
2023-03-10T21:00:00Z,16800254,2023-03-10T20:59:59Z
2023-03-10T22:00:00Z,16800549,2023-03-10T21:59:59Z
2023-03-10T23:00:00Z,16800848,2023-03-10T22:59:59Z
2023-03-11T00:00:00Z,16801143,2023-03-10T23:59:59Z
2023-03-11T01:00:00Z,16801441,2023-03-11T00:59:59Z
2023-03-11T02:00:00Z,16801739,2023-03-11T01:59:59Z
2023-03-11T03:00:00Z,16802034,2023-03-11T02:59:59Z
2023-03-11T04:00:00Z,16802331,2023-03-11T03:59:59Z
2023-03-11T05:00:00Z,16802627,2023-03-11T04:59:59Z
2023-03-11T06:00:00Z,16802921,2023-03-11T05:59:59Z
2023-03-11T07:00:00Z,16803216,2023-03-11T06:59:59Z
2023-03-11T08:00:00Z,16803515,2023-03-11T07:59:59Z
2023-03-11T09:00:00Z,16803809,2023-03-11T08:59:59Z
2023-03-11T10:00:00Z,16804108,2023-03-11T09:59:59Z
2023-03-11T11:00:00Z,16804403,2023-03-11T10:59:59Z
2023-03-11T12:00:00Z,16804701,2023-03-11T11:59:59Z
2023-03-11T13:00:00Z,16805000,2023-03-11T12:59:59Z
2023-03-11T14:00:00Z,16805295,2023-03-11T13:59:59Z
2023-03-11T15:00:00Z,16805591,2023-03-11T14:59:59Z
2023-03-11T16:00:00Z,16805885,2023-03-11T15:59:59Z
2023-03-11T17:00:00Z,16806180,2023-03-11T16:59:59Z
2023-03-11T18:00:00Z,16806477,2023-03-11T17:59:59Z
2023-03-11T19:00:00Z,16806774,2023-03-11T18:59:59Z
2023-03-11T20:00:00Z,16807070,2023-03-11T19:59:59Z
2023-03-11T21:00:00Z,16807362,2023-03-11T20:59:59Z
2023-03-11T22:00:00Z,16807660,2023-03-11T21:59:59Z
2023-03-11T23:00:00Z,16807958,2023-03-11T22:59:59Z
2023-03-12T00:00:00Z,16808257,2023-03-11T23:59:59Z
2023-03-12T01:00:00Z,16808550,2023-03-12T00:59:59Z
2023-03-12T02:00:00Z,16808846,2023-03-12T01:59:59Z
2023-03-12T03:00:00Z,16809139,2023-03-12T02:59:59Z
2023-03-12T04:00:00Z,16809436,2023-03-12T03:59:59Z
2023-03-12T05:00:00Z,16809732,2023-03-12T04:59:59Z
2023-03-12T06:00:00Z,16810025,2023-03-12T05:59:59Z
2023-03-12T07:00:00Z,16810318,2023-03-12T06:59:59Z
2023-03-12T08:00:00Z,16810616,2023-03-12T07:59:59Z
2023-03-12T09:00:00Z,16810913,2023-03-12T08:59:59Z
2023-03-12T10:00:00Z,16811212,2023-03-12T09:59:59Z
2023-03-12T11:00:00Z,16811507,2023-03-12T10:59:59Z
2023-03-12T12:00:00Z,16811806,2023-03-12T11:59:59Z
2023-03-12T13:00:00Z,16812101,2023-03-12T12:59:59Z
2023-03-12T14:00:00Z,16812399,2023-03-12T13:59:59Z
2023-03-12T15:00:00Z,16812697,2023-03-12T14:59:59Z
2023-03-12T16:00:00Z,16812993,2023-03-12T15:59:59Z
2023-03-12T17:00:00Z,16813290,2023-03-12T16:59:59Z
2023-03-12T18:00:00Z,16813588,2023-03-12T17:59:59Z
2023-03-12T19:00:00Z,16813885,2023-03-12T18:59:59Z
2023-03-12T20:00:00Z,16814181,2023-03-12T19:59:59Z
2023-03-12T21:00:00Z,16814481,2023-03-12T20:59:59Z
2023-03-12T22:00:00Z,16814776,2023-03-12T21:59:59Z
2023-03-12T23:00:00Z,16815072,2023-03-12T22:59:59Z
2023-03-13T00:00:00Z,16815366,2023-03-12T23:59:59Z
2023-03-13T01:00:00Z,16815658,2023-03-13T00:59:59Z
2023-03-13T02:00:00Z,16815957,2023-03-13T01:59:59Z
2023-03-13T03:00:00Z,16816253,2023-03-13T02:59:59Z
2023-03-13T04:00:00Z,16816549,2023-03-13T03:59:59Z
2023-03-13T05:00:00Z,16816846,2023-03-13T04:59:59Z
2023-03-13T06:00:00Z,16817145,2023-03-13T05:59:59Z
2023-03-13T07:00:00Z,16817442,2023-03-13T06:59:59Z
2023-03-13T08:00:00Z,16817742,2023-03-13T07:59:59Z
2023-03-13T09:00:00Z,16818041,2023-03-13T08:59:59Z
2023-03-13T10:00:00Z,16818336,2023-03-13T09:59:59Z
2023-03-13T11:00:00Z,16818633,2023-03-13T10:59:59Z
2023-03-13T12:00:00Z,16818931,2023-03-13T11:59:59Z
2023-03-13T13:00:00Z,16819226,2023-03-13T12:59:59Z
2023-03-13T14:00:00Z,16819522,2023-03-13T13:59:59Z
2023-03-13T15:00:00Z,16819818,2023-03-13T14:59:59Z
2023-03-13T16:00:00Z,16820114,2023-03-13T15:59:59Z
2023-03-13T17:00:00Z,16820408,2023-03-13T16:59:59Z
2023-03-13T18:00:00Z,16820707,2023-03-13T17:59:59Z
2023-03-13T19:00:00Z,16821007,2023-03-13T18:59:59Z
2023-03-13T20:00:00Z,16821302,2023-03-13T19:59:59Z
2023-03-13T21:00:00Z,16821599,2023-03-13T20:59:59Z
2023-03-13T22:00:00Z,16821898,2023-03-13T21:59:59Z
2023-03-13T23:00:00Z,16822194,2023-03-13T22:59:59Z
2023-03-14T00:00:00Z,16822491,2023-03-13T23:59:59Z
2023-03-14T01:00:00Z,16822786,2023-03-14T00:59:59Z
2023-03-14T02:00:00Z,16823081,2023-03-14T01:59:59Z
2023-03-14T03:00:00Z,16823378,2023-03-14T02:59:59Z
2023-03-14T04:00:00Z,16823672,2023-03-14T03:59:59Z
2023-03-14T05:00:00Z,16823970,2023-03-14T04:59:59Z
2023-03-14T06:00:00Z,16824267,2023-03-14T05:59:59Z
2023-03-14T07:00:00Z,16824562,2023-03-14T06:59:59Z
2023-03-14T08:00:00Z,16824858,2023-03-14T07:59:59Z
2023-03-14T09:00:00Z,16825154,2023-03-14T08:59:59Z
2023-03-14T10:00:00Z,16825451,2023-03-14T09:59:59Z
2023-03-14T11:00:00Z,16825751,2023-03-14T10:59:59Z
2023-03-14T12:00:00Z,16826046,2023-03-14T11:59:59Z
2023-03-14T13:00:00Z,16826344,2023-03-14T12:59:59Z
2023-03-14T14:00:00Z,16826644,2023-03-14T13:59:59Z
2023-03-14T15:00:00Z,16826941,2023-03-14T14:59:59Z
2023-03-14T16:00:00Z,16827240,2023-03-14T15:59:59Z
2023-03-14T17:00:00Z,16827538,2023-03-14T16:59:59Z
2023-03-14T18:00:00Z,16827833,2023-03-14T17:59:59Z
2023-03-14T19:00:00Z,16828129,2023-03-14T18:59:59Z
2023-03-14T20:00:00Z,16828427,2023-03-14T19:59:59Z
2023-03-14T21:00:00Z,16828722,2023-03-14T20:59:59Z
2023-03-14T22:00:00Z,16829016,2023-03-14T21:59:59Z
2023-03-14T23:00:00Z,16829312,2023-03-14T22:59:59Z
2023-03-15T00:00:00Z,16829609,2023-03-14T23:59:59Z
2023-03-15T01:00:00Z,16829904,2023-03-15T00:59:59Z
2023-03-15T02:00:00Z,16830199,2023-03-15T01:59:59Z
2023-03-15T03:00:00Z,16830495,2023-03-15T02:59:59Z
2023-03-15T04:00:00Z,16830791,2023-03-15T03:59:59Z
2023-03-15T05:00:00Z,16831088,2023-03-15T04:59:59Z
2023-03-15T06:00:00Z,16831383,2023-03-15T05:59:59Z
2023-03-15T07:00:00Z,16831680,2023-03-15T06:59:59Z
2023-03-15T08:00:00Z,16831977,2023-03-15T07:59:59Z
2023-03-15T09:00:00Z,16832271,2023-03-15T08:59:59Z
2023-03-15T10:00:00Z,16832567,2023-03-15T09:59:59Z
2023-03-15T11:00:00Z,16832859,2023-03-15T10:59:59Z
2023-03-15T12:00:00Z,16833154,2023-03-15T11:59:59Z
2023-03-15T13:00:00Z,16833449,2023-03-15T12:59:59Z
2023-03-15T14:00:00Z,16833744,2023-03-15T13:59:59Z
2023-03-15T15:00:00Z,16834042,2023-03-15T14:59:59Z
2023-03-15T16:00:00Z,16834340,2023-03-15T15:59:59Z
2023-03-15T17:00:00Z,16834638,2023-03-15T16:59:59Z
2023-03-15T18:00:00Z,16834935,2023-03-15T17:59:59Z
2023-03-15T19:00:00Z,16835232,2023-03-15T18:59:59Z
2023-03-15T20:00:00Z,16835530,2023-03-15T19:59:59Z
2023-03-15T21:00:00Z,16835824,2023-03-15T20:59:59Z
2023-03-15T22:00:00Z,16836119,2023-03-15T21:59:59Z
2023-03-15T23:00:00Z,16836414,2023-03-15T22:59:59Z
2023-03-16T00:00:00Z,16836710,2023-03-15T23:59:59Z
2023-03-16T01:00:00Z,16837007,2023-03-16T00:59:59Z
2023-03-16T02:00:00Z,16837303,2023-03-16T01:59:59Z
2023-03-16T03:00:00Z,16837601,2023-03-16T02:59:59Z
2023-03-16T04:00:00Z,16837899,2023-03-16T03:59:59Z
2023-03-16T05:00:00Z,16838194,2023-03-16T04:59:59Z
2023-03-16T06:00:00Z,16838493,2023-03-16T05:59:59Z
2023-03-16T07:00:00Z,16838792,2023-03-16T06:59:59Z
2023-03-16T08:00:00Z,16839087,2023-03-16T07:59:59Z
2023-03-16T09:00:00Z,16839380,2023-03-16T08:59:59Z
2023-03-16T10:00:00Z,16839677,2023-03-16T09:59:59Z
2023-03-16T11:00:00Z,16839971,2023-03-16T10:59:59Z
2023-03-16T12:00:00Z,16840268,2023-03-16T11:59:59Z
2023-03-16T13:00:00Z,16840561,2023-03-16T12:59:59Z
2023-03-16T14:00:00Z,16840859,2023-03-16T13:59:59Z
2023-03-16T15:00:00Z,16841156,2023-03-16T14:59:59Z
2023-03-16T16:00:00Z,16841454,2023-03-16T15:59:59Z
2023-03-16T17:00:00Z,16841752,2023-03-16T16:59:59Z
2023-03-16T18:00:00Z,16842049,2023-03-16T17:59:59Z
2023-03-16T19:00:00Z,16842342,2023-03-16T18:59:59Z
2023-03-16T20:00:00Z,16842637,2023-03-16T19:59:59Z
2023-03-16T21:00:00Z,16842933,2023-03-16T20:59:59Z
2023-03-16T22:00:00Z,16843230,2023-03-16T21:59:59Z
2023-03-16T23:00:00Z,16843529,2023-03-16T22:59:59Z
2023-03-17T00:00:00Z,16843829,2023-03-16T23:59:59Z
2023-03-17T01:00:00Z,16844128,2023-03-17T00:59:59Z
2023-03-17T02:00:00Z,16844426,2023-03-17T01:59:59Z
2023-03-17T03:00:00Z,16844721,2023-03-17T02:59:59Z
2023-03-17T04:00:00Z,16845018,2023-03-17T03:59:59Z
2023-03-17T05:00:00Z,16845317,2023-03-17T04:59:59Z
2023-03-17T06:00:00Z,16845613,2023-03-17T05:59:59Z
2023-03-17T07:00:00Z,16845912,2023-03-17T06:59:59Z
2023-03-17T08:00:00Z,16846207,2023-03-17T07:59:59Z
2023-03-17T09:00:00Z,16846505,2023-03-17T08:59:59Z
2023-03-17T10:00:00Z,16846800,2023-03-17T09:59:59Z
2023-03-17T11:00:00Z,16847096,2023-03-17T10:59:59Z
2023-03-17T12:00:00Z,16847393,2023-03-17T11:59:59Z
2023-03-17T13:00:00Z,16847688,2023-03-17T12:59:59Z
2023-03-17T14:00:00Z,16847984,2023-03-17T13:59:59Z
2023-03-17T15:00:00Z,16848279,2023-03-17T14:59:59Z
2023-03-17T16:00:00Z,16848574,2023-03-17T15:59:59Z
2023-03-17T17:00:00Z,16848869,2023-03-17T16:59:59Z
2023-03-17T18:00:00Z,16849168,2023-03-17T17:59:59Z
2023-03-17T19:00:00Z,16849464,2023-03-17T18:59:59Z
2023-03-17T20:00:00Z,16849760,2023-03-17T19:59:59Z
2023-03-17T21:00:00Z,16850058,2023-03-17T20:59:59Z
2023-03-17T22:00:00Z,16850354,2023-03-17T21:59:47Z
2023-03-17T23:00:00Z,16850649,2023-03-17T22:59:59Z
